algo,exp,eta_zero,loss
FTRL,0,0.009999999776482582,0.6337489539086819
Tight prox FTRL,0,0.009999999776482582,0.6349172164061248
Prox FTRL,0,0.009999999776482582,0.6349309010670872
AdaHedge FTRL,0,0.009999999776482582,0.5841457794425984
Proximal Point,0,0.009999999776482582,0.5910999127110318
FTRL,0,0.016237767413258553,0.6043170653358102
Tight prox FTRL,0,0.016237767413258553,0.6068377611985565
Prox FTRL,0,0.016237767413258553,0.6068642761109564
AdaHedge FTRL,0,0.016237767413258553,0.5622345632469044
Proximal Point,0,0.016237767413258553,0.5493903168695707
FTRL,0,0.02636650949716568,0.5655282843951136
Tight prox FTRL,0,0.02636650949716568,0.5704822890022305
Prox FTRL,0,0.02636650949716568,0.5705282398054653
AdaHedge FTRL,0,0.02636650949716568,0.5379949664216969
Proximal Point,0,0.02636650949716568,0.501047594023798
FTRL,0,0.04281332343816757,0.5188801215998828
Tight prox FTRL,0,0.04281332343816757,0.527529718804285
Prox FTRL,0,0.04281332343816757,0.5276003357332572
AdaHedge FTRL,0,0.04281332343816757,0.5119876037862974
Proximal Point,0,0.04281332343816757,0.4505727372420003
FTRL,0,0.0695192813873291,0.46843895299546423
Tight prox FTRL,0,0.0695192813873291,0.48165495972211525
Prox FTRL,0,0.0695192813873291,0.48175138417204116
AdaHedge FTRL,0,0.0695192813873291,0.4849987398634076
Proximal Point,0,0.0695192813873291,0.4030774439838599
FTRL,0,0.1128837913274765,0.4197588084116578
Tight prox FTRL,0,0.1128837913274765,0.43729564364728946
Prox FTRL,0,0.1128837913274765,0.4374147348304359
AdaHedge FTRL,0,0.1128837913274765,0.4579586915894214
Proximal Point,0,0.1128837913274765,0.3626061797613874
FTRL,0,0.18329806625843048,0.3783950452511199
Tight prox FTRL,0,0.18329806625843048,0.39819299974768074
Prox FTRL,0,0.18329806625843048,0.39832822298936665
AdaHedge FTRL,0,0.18329806625843048,0.43182524287903623
Proximal Point,0,0.18329806625843048,0.33136607344308766
FTRL,0,0.29763513803482056,0.34957692673848945
Tight prox FTRL,0,0.29763513803482056,0.36668959827566583
Prox FTRL,0,0.29763513803482056,0.366833176001667
AdaHedge FTRL,0,0.29763513803482056,0.4074749321084835
Proximal Point,0,0.29763513803482056,0.3098426498537242
FTRL,0,0.4832930266857147,0.3399956287313253
Tight prox FTRL,0,0.4832930266857147,0.34378045932625223
Prox FTRL,0,0.4832930266857147,0.34392557344239855
AdaHedge FTRL,0,0.4832930266857147,0.3856275940661728
Proximal Point,0,0.4832930266857147,0.2972725995140257
FTRL,0,0.7847599983215332,0.3632758394703269
Tight prox FTRL,0,0.7847599983215332,0.3294762053454679
Prox FTRL,0,0.7847599983215332,0.3296170192103597
AdaHedge FTRL,0,0.7847599983215332,0.3668109005349303
Proximal Point,0,0.7847599983215332,0.29222333760995073
FTRL,0,1.2742749452590942,0.45156219294294714
Tight prox FTRL,0,1.2742749452590942,0.32323702974575663
Prox FTRL,0,1.2742749452590942,0.32337018312434396
AdaHedge FTRL,0,1.2742749452590942,0.35136872349611986
Proximal Point,0,1.2742749452590942,0.29334663715939135
FTRL,0,2.0691380500793457,0.6936068083643914
Tight prox FTRL,0,2.0691380500793457,0.3244490486675643
Prox FTRL,0,2.0691380500793457,0.3245735340064757
AdaHedge FTRL,0,2.0691380500793457,0.33948857629110846
Proximal Point,0,2.0691380500793457,0.3001075913926316
FTRL,0,3.35981822013855,1.2810883612930775
Tight prox FTRL,0,3.35981822013855,0.33286316907536273
Prox FTRL,0,3.35981822013855,0.3329794458257107
AdaHedge FTRL,0,3.35981822013855,0.33124465877954656
Proximal Point,0,3.35981822013855,0.3129171867199948
FTRL,0,5.455595016479492,3.0188533074855806
Tight prox FTRL,0,5.455595016479492,0.34876209187648616
Prox FTRL,0,5.455595016479492,0.34887148349897584
AdaHedge FTRL,0,5.455595016479492,0.32664518431752004
Proximal Point,0,5.455595016479492,0.3326816124586226
FTRL,0,8.858668327331543,7.662814082503319
Tight prox FTRL,0,8.858668327331543,0.3726857752046084
Prox FTRL,0,8.858668327331543,0.3727881525884222
AdaHedge FTRL,0,8.858668327331543,0.32568122729606575
Proximal Point,0,8.858668327331543,0.3602608029060519
FTRL,0,14.384498596191406,
Tight prox FTRL,0,14.384498596191406,0.4048622787466138
Prox FTRL,0,14.384498596191406,0.40495489104248417
AdaHedge FTRL,0,14.384498596191406,0.32837218181037225
Proximal Point,0,14.384498596191406,0.3958692691558047
FTRL,0,23.357213973999023,
Tight prox FTRL,0,23.357213973999023,0.4445161916846996
Prox FTRL,0,23.357213973999023,0.44459486205866
AdaHedge FTRL,0,23.357213973999023,0.334795512303954
Proximal Point,0,23.357213973999023,0.4385274843642701
FTRL,0,37.926902770996094,
Tight prox FTRL,0,37.926902770996094,0.4891773810663169
Prox FTRL,0,37.926902770996094,0.48924054120344496
AdaHedge FTRL,0,37.926902770996094,0.34509554048218605
Proximal Point,0,37.926902770996094,0.48554076492864295
FTRL,0,61.58481979370117,
Tight prox FTRL,0,61.58481979370117,0.5347546897606432
Prox FTRL,0,61.58481979370117,0.5348020926694405
AdaHedge FTRL,0,61.58481979370117,0.35944333955300695
Proximal Point,0,61.58481979370117,0.5327369788133004
FTRL,0,100.0,
Tight prox FTRL,0,100.0,0.5767377915993146
Prox FTRL,0,100.0,0.5767648177727334
AdaHedge FTRL,0,100.0,0.3779738929550143
Proximal Point,0,100.0,0.5757122547087105
FTRL,1,0.009999999776482582,0.6361740474104881
Tight prox FTRL,1,0.009999999776482582,0.6372962024783034
Prox FTRL,1,0.009999999776482582,0.6373079931148672
AdaHedge FTRL,1,0.009999999776482582,0.58854016767708
Proximal Point,1,0.009999999776482582,0.5965237698610664
FTRL,1,0.016237767413258553,0.6077028633058071
Tight prox FTRL,1,0.016237767413258553,0.6101382470043396
Prox FTRL,1,0.016237767413258553,0.6101610727958513
AdaHedge FTRL,1,0.016237767413258553,0.5672957917519678
Proximal Point,1,0.016237767413258553,0.5564341185430922
FTRL,1,0.02636650949716568,0.5699220072515309
Tight prox FTRL,1,0.02636650949716568,0.5747479531537311
Prox FTRL,1,0.02636650949716568,0.5747876711304193
AdaHedge FTRL,1,0.02636650949716568,0.5436918642915152
Proximal Point,1,0.02636650949716568,0.5094710100770342
FTRL,1,0.04281332343816757,0.5240774390827865
Tight prox FTRL,1,0.04281332343816757,0.5325980609119446
Prox FTRL,1,0.04281332343816757,0.5326593724215699
AdaHedge FTRL,1,0.04281332343816757,0.518236338671081
Proximal Point,1,0.04281332343816757,0.45978391577823735
FTRL,1,0.0695192813873291,0.47395344972610476
Tight prox FTRL,1,0.0695192813873291,0.4871701437603242
Prox FTRL,1,0.0695192813873291,0.4872542022220052
AdaHedge FTRL,1,0.0695192813873291,0.4916642210954058
Proximal Point,1,0.0695192813873291,0.41231885645153626
FTRL,1,0.1128837913274765,0.42490916678588836
Tight prox FTRL,1,0.1128837913274765,0.4428345928926536
Prox FTRL,1,0.1128837913274765,0.44293829159695774
AdaHedge FTRL,1,0.1128837913274765,0.4648650362359802
Proximal Point,1,0.1128837913274765,0.3712577041855077
FTRL,1,0.18329806625843048,0.3823988584857434
Tight prox FTRL,1,0.18329806625843048,0.40341374249551554
Prox FTRL,1,0.18329806625843048,0.4035308826511832
AdaHedge FTRL,1,0.18329806625843048,0.43877714233928644
Proximal Point,1,0.18329806625843048,0.33912982097130523
FTRL,1,0.29763513803482056,0.3514864708436653
Tight prox FTRL,1,0.29763513803482056,0.3714028315027192
Prox FTRL,1,0.29763513803482056,0.3715261090301855
AdaHedge FTRL,1,0.29763513803482056,0.4142828111421498
Proximal Point,1,0.29763513803482056,0.31669923748584794
FTRL,1,0.4832930266857147,0.33860858451761305
Tight prox FTRL,1,0.4832930266857147,0.3479294285021733
Prox FTRL,1,0.4832930266857147,0.34805209199939197
AdaHedge FTRL,1,0.4832930266857147,0.39212700160136477
Proximal Point,1,0.4832930266857147,0.30332799175290115
FTRL,1,0.7847599983215332,0.3576753375940025
Tight prox FTRL,1,0.7847599983215332,0.3330737359392295
Prox FTRL,1,0.7847599983215332,0.333191185069453
AdaHedge FTRL,1,0.7847599983215332,0.37287524775548264
Proximal Point,1,0.7847599983215332,0.2975809580458825
FTRL,1,1.2742749452590942,0.4446056965254247
Tight prox FTRL,1,1.2742749452590942,0.3263031278815924
Prox FTRL,1,1.2742749452590942,0.32641241722725156
AdaHedge FTRL,1,1.2742749452590942,0.35690888831991924
Proximal Point,1,1.2742749452590942,0.2980328620790054
FTRL,1,2.0691380500793457,0.6953630770370364
Tight prox FTRL,1,2.0691380500793457,0.3269643289251312
Prox FTRL,1,2.0691380500793457,0.3270646663415221
AdaHedge FTRL,1,2.0691380500793457,0.3444492745386568
Proximal Point,1,2.0691380500793457,0.30404872418572265
FTRL,1,3.35981822013855,1.3125226482003927
Tight prox FTRL,1,3.35981822013855,0.3347498221476647
Prox FTRL,1,3.35981822013855,0.33484256952740604
AdaHedge FTRL,1,3.35981822013855,0.33559506201483685
Proximal Point,1,3.35981822013855,0.31597685669265435
FTRL,1,5.455595016479492,3.0813348398208618
Tight prox FTRL,1,5.455595016479492,0.34989538447275015
Prox FTRL,1,5.455595016479492,0.3499817554270169
AdaHedge FTRL,1,5.455595016479492,0.33036976568729665
Proximal Point,1,5.455595016479492,0.3347126268130241
FTRL,1,8.858668327331543,
Tight prox FTRL,1,8.858668327331543,0.372921773196018
Prox FTRL,1,8.858668327331543,0.37300287064132326
AdaHedge FTRL,1,8.858668327331543,0.32877224917997194
Proximal Point,1,8.858668327331543,0.36113334308321526
FTRL,1,14.384498596191406,
Tight prox FTRL,1,14.384498596191406,0.4040059528426972
Prox FTRL,1,14.384498596191406,0.4040808682084482
AdaHedge FTRL,1,14.384498596191406,0.3308259826988162
Proximal Point,1,14.384498596191406,0.39542363916545886
FTRL,1,23.357213973999023,
Tight prox FTRL,1,23.357213973999023,0.4422692783631484
Prox FTRL,1,23.357213973999023,0.44233562913221613
AdaHedge FTRL,1,23.357213973999023,0.33661063495591587
Proximal Point,1,23.357213973999023,0.4364910850598981
FTRL,1,37.926902770996094,
Tight prox FTRL,1,37.926902770996094,0.48534747095841535
Prox FTRL,1,37.926902770996094,0.48540055967417894
AdaHedge FTRL,1,37.926902770996094,0.34626563463278354
Proximal Point,1,37.926902770996094,0.48178220875429456
FTRL,1,61.58481979370117,
Tight prox FTRL,1,61.58481979370117,0.5293712711952872
Prox FTRL,1,61.58481979370117,0.529409402211262
AdaHedge FTRL,1,61.58481979370117,0.35996001587117304
Proximal Point,1,61.58481979370117,0.5273698486561825
FTRL,1,100.0,
Tight prox FTRL,1,100.0,0.5701059129196386
Prox FTRL,1,100.0,0.5701313587842779
AdaHedge FTRL,1,100.0,0.377827563014566
Proximal Point,1,100.0,0.5690715915764275
FTRL,2,0.009999999776482582,0.6346297293007374
Tight prox FTRL,2,0.009999999776482582,0.63575196402407
Prox FTRL,2,0.009999999776482582,0.6357652212130767
AdaHedge FTRL,2,0.009999999776482582,0.5858657825676767
Proximal Point,2,0.009999999776482582,0.5943222782204377
FTRL,2,0.016237767413258553,0.605658363096416
Tight prox FTRL,2,0.016237767413258553,0.608079290118832
Prox FTRL,2,0.016237767413258553,0.6081041726431169
AdaHedge FTRL,2,0.016237767413258553,0.5643239492850439
Proximal Point,2,0.016237767413258553,0.5538291229915977
FTRL,2,0.02636650949716568,0.5674853395409882
Tight prox FTRL,2,0.02636650949716568,0.5722399127542455
Prox FTRL,2,0.02636650949716568,0.5722816164402491
AdaHedge FTRL,2,0.02636650949716568,0.5404850087860711
Proximal Point,2,0.02636650949716568,0.5067050709127692
FTRL,2,0.04281332343816757,0.5215575001984835
Tight prox FTRL,2,0.04281332343816757,0.5298526677053509
Prox FTRL,2,0.04281332343816757,0.5299151006492281
AdaHedge FTRL,2,0.04281332343816757,0.5148832397403046
Proximal Point,2,0.04281332343816757,0.45714812099026053
FTRL,2,0.0695192813873291,0.4718169287024066
Tight prox FTRL,2,0.0695192813873291,0.48447819549109183
Prox FTRL,2,0.0695192813873291,0.48456177662307914
AdaHedge FTRL,2,0.0695192813873291,0.48826945781016634
Proximal Point,2,0.0695192813873291,0.4100260604805457
FTRL,2,0.1128837913274765,0.4237005187468603
Tight prox FTRL,2,0.1128837913274765,0.44044101442547906
Prox FTRL,2,0.1128837913274765,0.44054225291898236
AdaHedge FTRL,2,0.1128837913274765,0.46153220940847745
Proximal Point,2,0.1128837913274765,0.3693668702949497
FTRL,2,0.18329806625843048,0.3828234974704683
Tight prox FTRL,2,0.18329806625843048,0.4014341705496671
Prox FTRL,2,0.18329806625843048,0.40154666295537755
AdaHedge FTRL,2,0.18329806625843048,0.43559507487079874
Proximal Point,2,0.18329806625843048,0.33757766532498373
FTRL,2,0.29763513803482056,0.354727683593519
Tight prox FTRL,2,0.29763513803482056,0.3698312667343827
Prox FTRL,2,0.29763513803482056,0.36994749583723674
AdaHedge FTRL,2,0.29763513803482056,0.4113158731907371
Proximal Point,2,0.29763513803482056,0.31539045948439787
FTRL,2,0.4832930266857147,0.34630636138096454
Tight prox FTRL,2,0.4832930266857147,0.346700135444654
Prox FTRL,2,0.4832930266857147,0.34681306736006534
AdaHedge FTRL,2,0.4832930266857147,0.3894132485905445
Proximal Point,2,0.4832930266857147,0.3021957653550541
FTRL,2,0.7847599983215332,0.3715310341399163
Tight prox FTRL,2,0.7847599983215332,0.3321167598869632
Prox FTRL,2,0.7847599983215332,0.3322210648119461
AdaHedge FTRL,2,0.7847599983215332,0.37043267247882256
Proximal Point,2,0.7847599983215332,0.29659598308283824
FTRL,2,1.2742749452590942,0.46682079388946296
Tight prox FTRL,2,1.2742749452590942,0.3255713172452237
Prox FTRL,2,1.2742749452590942,0.32566370817189993
AdaHedge FTRL,2,1.2742749452590942,0.35474548917425297
Proximal Point,2,1.2742749452590942,0.29719366505539563
FTRL,2,2.0691380500793457,0.7337428668215871
Tight prox FTRL,2,2.0691380500793457,0.3264329248796432
Prox FTRL,2,2.0691380500793457,0.3265115040014665
AdaHedge FTRL,2,2.0691380500793457,0.342569852494047
Proximal Point,2,2.0691380500793457,0.3033795986657012
FTRL,2,3.35981822013855,1.4647330641150476
Tight prox FTRL,2,3.35981822013855,0.33439835852888894
Prox FTRL,2,3.35981822013855,0.3344648272339497
AdaHedge FTRL,2,3.35981822013855,0.3340046763839559
Proximal Point,2,3.35981822013855,0.3154956540163917
FTRL,2,5.455595016479492,3.3349333493113518
Tight prox FTRL,2,5.455595016479492,0.3497050749030187
Prox FTRL,2,5.455595016479492,0.3497605201028929
AdaHedge FTRL,2,5.455595016479492,0.3290730629813461
Proximal Point,2,5.455595016479492,0.33439133166153384
FTRL,2,8.858668327331543,
Tight prox FTRL,2,8.858668327331543,0.372952805432205
Prox FTRL,2,8.858668327331543,0.3729985779085308
AdaHedge FTRL,2,8.858668327331543,0.32777097487222234
Proximal Point,2,8.858668327331543,0.36097393041697956
FTRL,2,14.384498596191406,
Tight prox FTRL,2,14.384498596191406,0.4045852149850786
Prox FTRL,2,14.384498596191406,0.40462280966819575
AdaHedge FTRL,2,14.384498596191406,0.33011180351787334
Proximal Point,2,14.384498596191406,0.3957225282716328
FTRL,2,23.357213973999023,
Tight prox FTRL,2,23.357213973999023,0.4440878610976611
Prox FTRL,2,23.357213973999023,0.44411619491435256
AdaHedge FTRL,2,23.357213973999023,0.33616224395614486
Proximal Point,2,23.357213973999023,0.4379955557808254
FTRL,2,37.926902770996094,
Tight prox FTRL,2,37.926902770996094,0.48918948695919395
Prox FTRL,2,37.926902770996094,0.489202245005069
AdaHedge FTRL,2,37.926902770996094,0.346053018852969
Proximal Point,2,37.926902770996094,0.4853710238552631
FTRL,2,61.58481979370117,
Tight prox FTRL,2,61.58481979370117,0.5357022869873932
Prox FTRL,2,61.58481979370117,0.5356971159489339
AdaHedge FTRL,2,61.58481979370117,0.3599725777543228
Proximal Point,2,61.58481979370117,0.5335605401466501
FTRL,2,100.0,
Tight prox FTRL,2,100.0,0.5786991451730189
Prox FTRL,2,100.0,0.5786772226189874
AdaHedge FTRL,2,100.0,0.37812137822529757
Proximal Point,2,100.0,0.5776283686905825
FTRL,3,0.009999999776482582,0.6337424628585577
Tight prox FTRL,3,0.009999999776482582,0.6348879607026899
Prox FTRL,3,0.009999999776482582,0.634900809773748
AdaHedge FTRL,3,0.009999999776482582,0.5840574957366484
Proximal Point,3,0.009999999776482582,0.5924488129336344
FTRL,3,0.016237767413258553,0.6043141747824847
Tight prox FTRL,3,0.016237767413258553,0.6067878839977398
Prox FTRL,3,0.016237767413258553,0.6068125827672493
AdaHedge FTRL,3,0.016237767413258553,0.5621522648231099
Proximal Point,3,0.016237767413258553,0.5512463102373607
FTRL,3,0.02636650949716568,0.5655325453095138
Tight prox FTRL,3,0.02636650949716568,0.57040113100757
Prox FTRL,3,0.02636650949716568,0.5704436758496277
AdaHedge FTRL,3,0.02636650949716568,0.5379235459856991
Proximal Point,3,0.02636650949716568,0.5033928826849347
FTRL,3,0.04281332343816757,0.5188792118635028
Tight prox FTRL,3,0.04281332343816757,0.5274038730794225
Prox FTRL,3,0.04281332343816757,0.5274687220425799
AdaHedge FTRL,3,0.04281332343816757,0.5119283154031057
Proximal Point,3,0.04281332343816757,0.45321193933671483
FTRL,3,0.0695192813873291,0.4683701393846422
Tight prox FTRL,3,0.0695192813873291,0.4814667856044263
Prox FTRL,3,0.0695192813873291,0.48155515433633966
AdaHedge FTRL,3,0.0695192813873291,0.48494551726991414
Proximal Point,3,0.0695192813873291,0.4056450966064483
FTRL,3,0.1128837913274765,0.4194720630142838
Tight prox FTRL,3,0.1128837913274765,0.43702090149869444
Prox FTRL,3,0.1128837913274765,0.43712968611329417
AdaHedge FTRL,3,0.1128837913274765,0.4578928628803577
Proximal Point,3,0.1128837913274765,0.36471567217904444
FTRL,3,0.18329806625843048,0.37767679866356774
Tight prox FTRL,3,0.18329806625843048,0.39779543267734746
Prox FTRL,3,0.18329806625843048,0.3979185999099015
AdaHedge FTRL,3,0.18329806625843048,0.4317159422625728
Proximal Point,3,0.18329806625843048,0.3327905405750075
FTRL,3,0.29763513803482056,0.34828806720487776
Tight prox FTRL,3,0.29763513803482056,0.3661242884261101
Prox FTRL,3,0.29763513803482056,0.36625459924765214
AdaHedge FTRL,3,0.29763513803482056,0.40728179812798504
Proximal Point,3,0.29763513803482056,0.310555076252759
FTRL,3,0.4832930266857147,0.3380503015127033
Tight prox FTRL,3,0.4832930266857147,0.34300532354573676
Prox FTRL,3,0.4832930266857147,0.34313627703649424
AdaHedge FTRL,3,0.4832930266857147,0.3853090571503682
Proximal Point,3,0.4832930266857147,0.2973555231862549
FTRL,3,0.7847599983215332,0.35955682170391084
Tight prox FTRL,3,0.7847599983215332,0.32845709413518676
Prox FTRL,3,0.7847599983215332,0.3285834047168798
AdaHedge FTRL,3,0.7847599983215332,0.3663339400661293
Proximal Point,3,0.7847599983215332,0.2917734560752721
FTRL,3,1.2742749452590942,0.44507931100577114
Tight prox FTRL,3,1.2742749452590942,0.321927683231212
Prox FTRL,3,1.2742749452590942,0.3220459986074106
AdaHedge FTRL,3,1.2742749452590942,0.35071580254650814
Proximal Point,3,1.2742749452590942,0.29242604254314136
FTRL,3,2.0691380500793457,0.6857628100067377
Tight prox FTRL,3,2.0691380500793457,0.32273724438098916
Prox FTRL,3,2.0691380500793457,0.3228458039455099
AdaHedge FTRL,3,2.0691380500793457,0.33865812810725976
Proximal Point,3,2.0691380500793457,0.298697717935025
FTRL,3,3.35981822013855,1.322716217175126
Tight prox FTRL,3,3.35981822013855,0.3305039093035952
Prox FTRL,3,3.35981822013855,0.3306029729768491
AdaHedge FTRL,3,3.35981822013855,0.3302456199121209
Proximal Point,3,3.35981822013855,0.3108202610974214
FTRL,3,5.455595016479492,2.9780670323371887
Tight prox FTRL,3,5.455595016479492,0.34536243657763976
Prox FTRL,3,5.455595016479492,0.34545219909434227
AdaHedge FTRL,3,5.455595016479492,0.3254840744469777
Proximal Point,3,5.455595016479492,0.32948248636743105
FTRL,3,8.858668327331543,
Tight prox FTRL,3,8.858668327331543,0.36784072025239095
Prox FTRL,3,8.858668327331543,0.3679193553390024
AdaHedge FTRL,3,8.858668327331543,0.32434351183947785
Proximal Point,3,8.858668327331543,0.3555217974208597
FTRL,3,14.384498596191406,
Tight prox FTRL,3,14.384498596191406,0.39837862546293384
Prox FTRL,3,14.384498596191406,0.39844244828316305
AdaHedge FTRL,3,14.384498596191406,0.3268032442463006
Proximal Point,3,14.384498596191406,0.3894396357010255
FTRL,3,23.357213973999023,
Tight prox FTRL,3,23.357213973999023,0.43655045106613494
Prox FTRL,3,23.357213973999023,0.43659801732268605
AdaHedge FTRL,3,23.357213973999023,0.3328859759714723
Proximal Point,3,23.357213973999023,0.430584358295402
FTRL,3,37.926902770996094,
Tight prox FTRL,3,37.926902770996094,0.4803647703631086
Prox FTRL,3,37.926902770996094,0.4803964224066761
AdaHedge FTRL,3,37.926902770996094,0.34268046323282525
Proximal Point,3,37.926902770996094,0.476703191189155
FTRL,3,61.58481979370117,
Tight prox FTRL,3,61.58481979370117,0.5261917301623183
Prox FTRL,3,61.58481979370117,0.5262084717096456
AdaHedge FTRL,3,61.58481979370117,0.3563316068082241
Proximal Point,3,61.58481979370117,0.5241139750587901
FTRL,3,100.0,
Tight prox FTRL,3,100.0,0.5696910905914211
Prox FTRL,3,100.0,0.569695789729757
AdaHedge FTRL,3,100.0,0.37399749395870935
Proximal Point,3,100.0,0.5686010724960705
FTRL,4,0.009999999776482582,0.6358708412200212
Tight prox FTRL,4,0.009999999776482582,0.6369676793928776
Prox FTRL,4,0.009999999776482582,0.6369790399229923
AdaHedge FTRL,4,0.009999999776482582,0.5881416652269118
Proximal Point,4,0.009999999776482582,0.596976661153701
FTRL,4,0.016237767413258553,0.6074347043931484
Tight prox FTRL,4,0.016237767413258553,0.6098025328924478
Prox FTRL,4,0.016237767413258553,0.6098241607631956
AdaHedge FTRL,4,0.016237767413258553,0.5669714454950177
Proximal Point,4,0.016237767413258553,0.5573272878168963
FTRL,4,0.02636650949716568,0.5698889686018228
Tight prox FTRL,4,0.02636650949716568,0.5745497127434327
Prox FTRL,4,0.02636650949716568,0.5745865376399545
AdaHedge FTRL,4,0.02636650949716568,0.5435119986094658
Proximal Point,4,0.02636650949716568,0.5109889017258755
FTRL,4,0.04281332343816757,0.5245944013930857
Tight prox FTRL,4,0.04281332343816757,0.5327623027832912
Prox FTRL,4,0.04281332343816757,0.532818429025366
AdaHedge FTRL,4,0.04281332343816757,0.5182813766542713
Proximal Point,4,0.04281332343816757,0.4620174542902363
FTRL,4,0.0695192813873291,0.47534453918691727
Tight prox FTRL,4,0.0695192813873291,0.48792775510366493
Prox FTRL,4,0.0695192813873291,0.48800400762874535
AdaHedge FTRL,4,0.0695192813873291,0.4920117899223435
Proximal Point,4,0.0695192813873291,0.41521520140784496
FTRL,4,0.1128837913274765,0.42735268049826847
Tight prox FTRL,4,0.1128837913274765,0.44432098030433637
Prox FTRL,4,0.1128837913274765,0.44441488874932633
AdaHedge FTRL,4,0.1128837913274765,0.4655776360747944
Proximal Point,4,0.1128837913274765,0.3746454521831715
FTRL,4,0.18329806625843048,0.38592245798092334
Tight prox FTRL,4,0.18329806625843048,0.4056303344512833
Prox FTRL,4,0.18329806625843048,0.40573650126462196
AdaHedge FTRL,4,0.18329806625843048,0.439891580824458
Proximal Point,4,0.18329806625843048,0.34280058792617696
FTRL,4,0.29763513803482056,0.3563016996853985
Tight prox FTRL,4,0.29763513803482056,0.3742690375351922
Prox FTRL,4,0.29763513803482056,0.37438082443090803
AdaHedge FTRL,4,0.29763513803482056,0.4158085204224313
Proximal Point,4,0.29763513803482056,0.3205056777666207
FTRL,4,0.4832930266857147,0.3455025342106819
Tight prox FTRL,4,0.4832930266857147,0.3513667725726894
Prox FTRL,4,0.4832930266857147,0.3514774067483354
AdaHedge FTRL,4,0.4832930266857147,0.39405438889406413
Proximal Point,4,0.4832930266857147,0.3072512819770066
FTRL,4,0.7847599983215332,0.3674334201272577
Tight prox FTRL,4,0.7847599983215332,0.33705918257185685
Prox FTRL,4,0.7847599983215332,0.33716366257665953
AdaHedge FTRL,4,0.7847599983215332,0.3751897293382885
Proximal Point,4,0.7847599983215332,0.3017379231303451
FTRL,4,1.2742749452590942,0.45479112670198085
Tight prox FTRL,4,1.2742749452590942,0.3308824671277586
Prox FTRL,4,1.2742749452590942,0.33097751827903943
AdaHedge FTRL,4,1.2742749452590942,0.3596060864996337
Proximal Point,4,1.2742749452590942,0.30263011207732343
FTRL,4,2.0691380500793457,0.6948592208623886
Tight prox FTRL,4,2.0691380500793457,0.33223330762596864
Prox FTRL,4,2.0691380500793457,0.3323182050634913
AdaHedge FTRL,4,2.0691380500793457,0.34754111877134725
Proximal Point,4,2.0691380500793457,0.3093254661909369
FTRL,4,3.35981822013855,1.3182680433243512
Tight prox FTRL,4,3.35981822013855,0.3408030908903549
Prox FTRL,4,3.35981822013855,0.34087898110436315
AdaHedge FTRL,4,3.35981822013855,0.33911374199146976
Proximal Point,4,3.35981822013855,0.32212888817772084
FTRL,4,5.455595016479492,3.0725082431137563
Tight prox FTRL,4,5.455595016479492,0.3567526339484299
Prox FTRL,4,5.455595016479492,0.35682113389512216
AdaHedge FTRL,4,5.455595016479492,0.33436318684062444
Proximal Point,4,5.455595016479492,0.3417869583937394
FTRL,4,8.858668327331543,
Tight prox FTRL,4,8.858668327331543,0.3804691719540291
Prox FTRL,4,8.858668327331543,0.38053212655755225
AdaHedge FTRL,4,8.858668327331543,0.3332945255443153
Proximal Point,4,8.858668327331543,0.3689602759524821
FTRL,4,14.384498596191406,
Tight prox FTRL,4,14.384498596191406,0.4119963217050276
Prox FTRL,4,14.384498596191406,0.41205473915351076
AdaHedge FTRL,4,14.384498596191406,0.33592336830696556
Proximal Point,4,14.384498596191406,0.4036896439515034
FTRL,4,23.357213973999023,
Tight prox FTRL,4,23.357213973999023,0.4502736361302352
Prox FTRL,4,23.357213973999023,0.450328145212678
AdaHedge FTRL,4,23.357213973999023,0.3423018763012607
Proximal Point,4,23.357213973999023,0.44475438297060454
FTRL,4,37.926902770996094,
Tight prox FTRL,4,37.926902770996094,0.4926729854649011
Prox FTRL,4,37.926902770996094,0.4927242193440481
AdaHedge FTRL,4,37.926902770996094,0.35253460792520613
Proximal Point,4,37.926902770996094,0.4893183756952591
FTRL,4,61.58481979370117,
Tight prox FTRL,4,61.58481979370117,0.535590318303744
Prox FTRL,4,61.58481979370117,0.5356396238327749
AdaHedge FTRL,4,61.58481979370117,0.3667531261901144
Proximal Point,4,61.58481979370117,0.5337041804415653
FTRL,4,100.0,
Tight prox FTRL,4,100.0,0.5756638736582649
Prox FTRL,4,100.0,0.575710649837697
AdaHedge FTRL,4,100.0,0.38507817748075596
Proximal Point,4,100.0,0.5746673362234422
FTRL,5,0.009999999776482582,0.6341305166110396
Tight prox FTRL,5,0.009999999776482582,0.6352524992365166
Prox FTRL,5,0.009999999776482582,0.635264874798269
AdaHedge FTRL,5,0.009999999776482582,0.5851911552543526
Proximal Point,5,0.009999999776482582,0.5958306222718774
FTRL,5,0.016237767413258553,0.6050263255052268
Tight prox FTRL,5,0.016237767413258553,0.6074405324930288
Prox FTRL,5,0.016237767413258553,0.6074644978460374
AdaHedge FTRL,5,0.016237767413258553,0.5636293137470243
Proximal Point,5,0.016237767413258553,0.5559479147125447
FTRL,5,0.02636650949716568,0.5667945788651705
Tight prox FTRL,5,0.02636650949716568,0.5715297640917661
Prox FTRL,5,0.02636650949716568,0.5715713192689482
AdaHedge FTRL,5,0.02636650949716568,0.5398247261321335
Proximal Point,5,0.02636650949716568,0.5095006533477668
FTRL,5,0.04281332343816757,0.5209435045477003
Tight prox FTRL,5,0.04281332343816757,0.5292195302624171
Prox FTRL,5,0.04281332343816757,0.5292836705801
AdaHedge FTRL,5,0.04281332343816757,0.5143294818561948
Proximal Point,5,0.04281332343816757,0.4605567916236705
FTRL,5,0.0695192813873291,0.47135906512103976
Tight prox FTRL,5,0.0695192813873291,0.48411006744859797
Prox FTRL,5,0.0695192813873291,0.48419873747775327
AdaHedge FTRL,5,0.0695192813873291,0.48790171124954357
Proximal Point,5,0.0695192813873291,0.41384033109159707
FTRL,5,0.1128837913274765,0.42319197599170727
Tight prox FTRL,5,0.1128837913274765,0.44048612781139723
Prox FTRL,5,0.1128837913274765,0.44059677563890964
AdaHedge FTRL,5,0.1128837913274765,0.4614252945255714
Proximal Point,5,0.1128837913274765,0.3733168360893778
FTRL,5,0.18329806625843048,0.3815108435228467
Tight prox FTRL,5,0.18329806625843048,0.4019537416119984
Prox FTRL,5,0.18329806625843048,0.40208092504822385
AdaHedge FTRL,5,0.18329806625843048,0.43580447352297635
Proximal Point,5,0.18329806625843048,0.34143251950730186
FTRL,5,0.29763513803482056,0.3512773215183988
Tight prox FTRL,5,0.29763513803482056,0.3708130740483957
Prox FTRL,5,0.29763513803482056,0.3709500552837746
AdaHedge FTRL,5,0.29763513803482056,0.4118714748232002
Proximal Point,5,0.29763513803482056,0.3189999601046024
FTRL,5,0.4832930266857147,0.33968154770042747
Tight prox FTRL,5,0.4832930266857147,0.3481003139020825
Prox FTRL,5,0.4832930266857147,0.34824047749635817
AdaHedge FTRL,5,0.4832930266857147,0.3903198324569607
Proximal Point,5,0.4832930266857147,0.30549116494865025
FTRL,5,0.7847599983215332,0.3605900397915393
Tight prox FTRL,5,0.7847599983215332,0.33389379693637805
Prox FTRL,5,0.7847599983215332,0.3340322633503276
AdaHedge FTRL,5,0.7847599983215332,0.37167824825408785
Proximal Point,5,0.7847599983215332,0.2995925937153404
FTRL,5,1.2742749452590942,0.44721736359596254
Tight prox FTRL,5,1.2742749452590942,0.3276924790804747
Prox FTRL,5,1.2742749452590942,0.32782630840686483
AdaHedge FTRL,5,1.2742749452590942,0.3563094647719927
Proximal Point,5,1.2742749452590942,0.29999580920294355
FTRL,5,2.0691380500793457,0.6864743089005351
Tight prox FTRL,5,2.0691380500793457,0.32884866053990464
Prox FTRL,5,2.0691380500793457,0.3289752083650011
AdaHedge FTRL,5,2.0691380500793457,0.34443213532220424
Proximal Point,5,2.0691380500793457,0.306127190598235
FTRL,5,3.35981822013855,1.3253382033705712
Tight prox FTRL,5,3.35981822013855,0.336972280790718
Prox FTRL,5,3.35981822013855,0.3370915767974567
AdaHedge FTRL,5,3.35981822013855,0.33615013733395427
Proximal Point,5,3.35981822013855,0.318241373745377
FTRL,5,5.455595016479492,2.9507199822068215
Tight prox FTRL,5,5.455595016479492,0.35211422718795726
Prox FTRL,5,5.455595016479492,0.35222664974712214
AdaHedge FTRL,5,5.455595016479492,0.3314929694493985
Proximal Point,5,5.455595016479492,0.33696613308307305
FTRL,5,8.858668327331543,
Tight prox FTRL,5,8.858668327331543,0.37461165324675594
Prox FTRL,5,8.858668327331543,0.37471729352945893
AdaHedge FTRL,5,8.858668327331543,0.33045486718710765
Proximal Point,5,8.858668327331543,0.36289169391097065
FTRL,5,14.384498596191406,
Tight prox FTRL,5,14.384498596191406,0.4046419325983686
Prox FTRL,5,14.384498596191406,0.40473840267757
AdaHedge FTRL,5,14.384498596191406,0.33303181049139097
Proximal Point,5,14.384498596191406,0.3961396388903604
FTRL,5,23.357213973999023,
Tight prox FTRL,5,23.357213973999023,0.44153189793820613
Prox FTRL,5,23.357213973999023,0.441617639619835
AdaHedge FTRL,5,23.357213973999023,0.3392493968584989
Proximal Point,5,23.357213973999023,0.4358222923794785
FTRL,5,37.926902770996094,
Tight prox FTRL,5,37.926902770996094,0.48310526415554694
Prox FTRL,5,37.926902770996094,0.48317915241899767
AdaHedge FTRL,5,37.926902770996094,0.3491714645896997
Proximal Point,5,37.926902770996094,0.47958505123374656
FTRL,5,61.58481979370117,
Tight prox FTRL,5,61.58481979370117,0.5259789908568371
Prox FTRL,5,61.58481979370117,0.5260379323780374
AdaHedge FTRL,5,61.58481979370117,0.3628958589034154
Proximal Point,5,61.58481979370117,0.5239779555351565
FTRL,5,100.0,
Tight prox FTRL,5,100.0,0.5668243238400851
Prox FTRL,5,100.0,0.5668679122398711
AdaHedge FTRL,5,100.0,0.38051994799017347
Proximal Point,5,100.0,0.5657649311791346
FTRL,6,0.009999999776482582,0.6333357824012638
Tight prox FTRL,6,0.009999999776482582,0.634542697549228
Prox FTRL,6,0.009999999776482582,0.6345603957095197
AdaHedge FTRL,6,0.009999999776482582,0.5836633283276297
Proximal Point,6,0.009999999776482582,0.589901559091643
FTRL,6,0.016237767413258553,0.6037111372612417
Tight prox FTRL,6,0.016237767413258553,0.6063019262761251
Prox FTRL,6,0.016237767413258553,0.6063344523930048
AdaHedge FTRL,6,0.016237767413258553,0.5616595727183151
Proximal Point,6,0.016237767413258553,0.5482156197476404
FTRL,6,0.02636650949716568,0.5646683126688004
Tight prox FTRL,6,0.02636650949716568,0.5697317149812203
Prox FTRL,6,0.02636650949716568,0.5697851017468104
AdaHedge FTRL,6,0.02636650949716568,0.5373049025079655
Proximal Point,6,0.02636650949716568,0.5000345635647763
FTRL,6,0.04281332343816757,0.5176953402478248
Tight prox FTRL,6,0.04281332343816757,0.5264918237662634
Prox FTRL,6,0.04281332343816757,0.526569790440256
AdaHedge FTRL,6,0.04281332343816757,0.511150438715099
Proximal Point,6,0.04281332343816757,0.449697639107572
FTRL,6,0.0695192813873291,0.4668468545824289
Tight prox FTRL,6,0.0695192813873291,0.48024525699196363
Prox FTRL,6,0.0695192813873291,0.48034765095364984
AdaHedge FTRL,6,0.0695192813873291,0.48397578658580764
Proximal Point,6,0.0695192813873291,0.40216696330690627
FTRL,6,0.1128837913274765,0.4176533488328569
Tight prox FTRL,6,0.1128837913274765,0.43545449935731395
Prox FTRL,6,0.1128837913274765,0.4355772306599549
AdaHedge FTRL,6,0.1128837913274765,0.45670646793263664
Proximal Point,6,0.1128837913274765,0.36150205391430223
FTRL,6,0.18329806625843048,0.37558146568294615
Tight prox FTRL,6,0.18329806625843048,0.3959223364201516
Prox FTRL,6,0.18329806625843048,0.39605894974905026
AdaHedge FTRL,6,0.18329806625843048,0.4303055831444409
Proximal Point,6,0.18329806625843048,0.3300303631636315
FTRL,6,0.29763513803482056,0.3456300910203718
Tight prox FTRL,6,0.29763513803482056,0.3640567931018768
Prox FTRL,6,0.29763513803482056,0.3641998798812694
AdaHedge FTRL,6,0.29763513803482056,0.4056645904295969
Proximal Point,6,0.29763513803482056,0.30830973387330585
FTRL,6,0.4832930266857147,0.33402015272155405
Tight prox FTRL,6,0.4832930266857147,0.34089714986508807
Prox FTRL,6,0.4832930266857147,0.34104017671390113
AdaHedge FTRL,6,0.4832930266857147,0.3835238826743788
Proximal Point,6,0.4832930266857147,0.2955666730905937
FTRL,6,0.7847599983215332,0.35368522348068654
Tight prox FTRL,6,0.7847599983215332,0.32647621516066566
Prox FTRL,6,0.7847599983215332,0.3266141670956348
AdaHedge FTRL,6,0.7847599983215332,0.36443821668198784
Proximal Point,6,0.7847599983215332,0.2903355041331294
FTRL,6,1.2742749452590942,0.43547599437087775
Tight prox FTRL,6,1.2742749452590942,0.3202698556985486
Prox FTRL,6,1.2742749452590942,0.32040078910167763
AdaHedge FTRL,6,1.2742749452590942,0.3487766778464802
Proximal Point,6,1.2742749452590942,0.29126255618216196
FTRL,6,2.0691380500793457,0.6635812057629228
Tight prox FTRL,6,2.0691380500793457,0.3217022339623844
Prox FTRL,6,2.0691380500793457,0.32182505056850846
AdaHedge FTRL,6,2.0691380500793457,0.33675058323905754
Proximal Point,6,2.0691380500793457,0.2978851940284489
FTRL,6,3.35981822013855,1.276396789520979
Tight prox FTRL,6,3.35981822013855,0.3306075295803259
Prox FTRL,6,3.35981822013855,0.3307244001014896
AdaHedge FTRL,6,3.35981822013855,0.32845517127085033
Proximal Point,6,3.35981822013855,0.3107852768774093
FTRL,6,5.455595016479492,3.0283740816414357
Tight prox FTRL,6,5.455595016479492,0.347407361537719
Prox FTRL,6,5.455595016479492,0.34752096539625743
AdaHedge FTRL,6,5.455595016479492,0.3239179009130113
Proximal Point,6,5.455595016479492,0.331114350788618
FTRL,6,8.858668327331543,7.711890106320381
Tight prox FTRL,6,8.858668327331543,0.37277558400072797
Prox FTRL,6,8.858668327331543,0.3728870143689171
AdaHedge FTRL,6,8.858668327331543,0.3231517141815695
Proximal Point,6,8.858668327331543,0.35995998158553166
FTRL,6,14.384498596191406,
Tight prox FTRL,6,14.384498596191406,0.4068120840135334
Prox FTRL,6,14.384498596191406,0.40692049041587774
AdaHedge FTRL,6,14.384498596191406,0.3262024784097643
Proximal Point,6,14.384498596191406,0.397462183294972
FTRL,6,23.357213973999023,
Tight prox FTRL,6,23.357213973999023,0.44814920757229326
Prox FTRL,6,23.357213973999023,0.44825263887969774
AdaHedge FTRL,6,23.357213973999023,0.3331787175854971
Proximal Point,6,23.357213973999023,0.4419404079377376
FTRL,6,37.926902770996094,
Tight prox FTRL,6,37.926902770996094,0.4937905172927667
Prox FTRL,6,37.926902770996094,0.49388370350390126
AdaHedge FTRL,6,37.926902770996094,0.3442483511915802
Proximal Point,6,37.926902770996094,0.4900436513745537
FTRL,6,61.58481979370117,
Tight prox FTRL,6,61.58481979370117,0.5395967156686132
Prox FTRL,6,61.58481979370117,0.5396729425301631
AdaHedge FTRL,6,61.58481979370117,0.35959985957610535
Proximal Point,6,61.58481979370117,0.5375416230742629
FTRL,6,100.0,
Tight prox FTRL,6,100.0,0.5811257246582593
Prox FTRL,6,100.0,0.5811826204451226
AdaHedge FTRL,6,100.0,0.379340907620178
Proximal Point,6,100.0,0.580106504685842
FTRL,7,0.009999999776482582,0.6343510125353933
Tight prox FTRL,7,0.009999999776482582,0.6355306294615778
Prox FTRL,7,0.009999999776482582,0.6355446476507594
AdaHedge FTRL,7,0.009999999776482582,0.5854522894171703
Proximal Point,7,0.009999999776482582,0.5913127410481555
FTRL,7,0.016237767413258553,0.605137252651155
Tight prox FTRL,7,0.016237767413258553,0.6076851063058571
Prox FTRL,7,0.016237767413258553,0.6077116831698213
AdaHedge FTRL,7,0.016237767413258553,0.563752189500566
Proximal Point,7,0.016237767413258553,0.5497059243628116
FTRL,7,0.02636650949716568,0.5665708469487727
Tight prox FTRL,7,0.02636650949716568,0.571582507225857
Prox FTRL,7,0.02636650949716568,0.571627888572124
AdaHedge FTRL,7,0.02636650949716568,0.539730378023543
Proximal Point,7,0.02636650949716568,0.501511632067093
FTRL,7,0.04281332343816757,0.5201241863239556
Tight prox FTRL,7,0.04281332343816757,0.5288754808356271
Prox FTRL,7,0.04281332343816757,0.5289448351592768
AdaHedge FTRL,7,0.04281332343816757,0.5139420965823894
Proximal Point,7,0.04281332343816757,0.45122308720745274
FTRL,7,0.0695192813873291,0.469862012648955
Tight prox FTRL,7,0.0695192813873291,0.48322419745534817
Prox FTRL,7,0.0695192813873291,0.4833185843804681
AdaHedge FTRL,7,0.0695192813873291,0.4871683584910382
Proximal Point,7,0.0695192813873291,0.40389199733171055
FTRL,7,0.1128837913274765,0.4213229399421252
Tight prox FTRL,7,0.1128837913274765,0.43905735968488424
Prox FTRL,7,0.1128837913274765,0.4391736096029614
AdaHedge FTRL,7,0.1128837913274765,0.4603311629581272
Proximal Point,7,0.1128837913274765,0.36350856564879325
FTRL,7,0.18329806625843048,0.3799663455998525
Tight prox FTRL,7,0.18329806625843048,0.40010206512119145
Prox FTRL,7,0.18329806625843048,0.4002333473272724
AdaHedge FTRL,7,0.18329806625843048,0.43437893655439547
Proximal Point,7,0.18329806625843048,0.3322947150842413
FTRL,7,0.29763513803482056,0.3508855851553381
Tight prox FTRL,7,0.29763513803482056,0.368691738273424
Prox FTRL,7,0.29763513803482056,0.36883044903221696
AdaHedge FTRL,7,0.29763513803482056,0.4101773611949932
Proximal Point,7,0.29763513803482056,0.31078807699013283
FTRL,7,0.4832930266857147,0.3407151841055602
Tight prox FTRL,7,0.4832930266857147,0.3458361891512784
Prox FTRL,7,0.4832930266857147,0.34597514530546997
AdaHedge FTRL,7,0.4832930266857147,0.38843592352857553
Proximal Point,7,0.4832930266857147,0.29826729407055685
FTRL,7,0.7847599983215332,0.3634551446307451
Tight prox FTRL,7,0.7847599983215332,0.3315827980656703
Prox FTRL,7,0.7847599983215332,0.33171669540678755
AdaHedge FTRL,7,0.7847599983215332,0.3696782869646703
Proximal Point,7,0.7847599983215332,0.2933341667038759
FTRL,7,1.2742749452590942,0.45203059559315445
Tight prox FTRL,7,1.2742749452590942,0.3254287622310779
Prox FTRL,7,1.2742749452590942,0.32555415817426653
AdaHedge FTRL,7,1.2742749452590942,0.3542511111536914
Proximal Point,7,1.2742749452590942,0.29467753426249116
FTRL,7,2.0691380500793457,0.6885445341616869
Tight prox FTRL,7,2.0691380500793457,0.32676343475642033
Prox FTRL,7,2.0691380500793457,0.32687949309345493
AdaHedge FTRL,7,2.0691380500793457,0.3423520648700719
Proximal Point,7,2.0691380500793457,0.3017756311453901
FTRL,7,3.35981822013855,1.320154937028885
Tight prox FTRL,7,3.35981822013855,0.33529273684911404
Prox FTRL,7,3.35981822013855,0.33539820781188323
AdaHedge FTRL,7,3.35981822013855,0.33406936270055654
Proximal Point,7,3.35981822013855,0.3149688888314689
FTRL,7,5.455595016479492,3.1526449633836746
Tight prox FTRL,7,5.455595016479492,0.35120975471117094
Prox FTRL,7,5.455595016479492,0.3513062447555152
AdaHedge FTRL,7,5.455595016479492,0.32942474746286726
Proximal Point,7,5.455595016479492,0.33500709660592465
FTRL,7,8.858668327331543,
Tight prox FTRL,7,8.858668327331543,0.37497195799639294
Prox FTRL,7,8.858668327331543,0.3750587109139053
AdaHedge FTRL,7,8.858668327331543,0.3284157729944991
Proximal Point,7,8.858668327331543,0.36259718192874674
FTRL,7,14.384498596191406,
Tight prox FTRL,7,14.384498596191406,0.4067851598080266
Prox FTRL,7,14.384498596191406,0.4068619587054239
AdaHedge FTRL,7,14.384498596191406,0.33105642167419874
Proximal Point,7,14.384498596191406,0.3979283996627608
FTRL,7,23.357213973999023,
Tight prox FTRL,7,23.357213973999023,0.4459375357654523
Prox FTRL,7,23.357213973999023,0.4460035439979064
AdaHedge FTRL,7,23.357213973999023,0.33740565900971553
Proximal Point,7,23.357213973999023,0.4400864203811993
FTRL,7,37.926902770996094,
Tight prox FTRL,7,37.926902770996094,0.49016249966604253
Prox FTRL,7,37.926902770996094,0.4902162458050648
AdaHedge FTRL,7,37.926902770996094,0.34757352484414916
Proximal Point,7,37.926902770996094,0.4865988345115516
FTRL,7,61.58481979370117,
Tight prox FTRL,7,61.58481979370117,0.5357310397034547
Prox FTRL,7,61.58481979370117,0.5357721021438386
AdaHedge FTRL,7,61.58481979370117,0.36170780689218307
Proximal Point,7,61.58481979370117,0.5337260841267435
FTRL,7,100.0,
Tight prox FTRL,7,100.0,0.5782958610838259
Prox FTRL,7,100.0,0.5783242747210062
AdaHedge FTRL,7,100.0,0.379944429033175
Proximal Point,7,100.0,0.5772683987492531
FTRL,8,0.009999999776482582,0.6345035599246621
Tight prox FTRL,8,0.009999999776482582,0.635620354435106
Prox FTRL,8,0.009999999776482582,0.6356340789355369
AdaHedge FTRL,8,0.009999999776482582,0.5859188030531827
Proximal Point,8,0.009999999776482582,0.5932225252077353
FTRL,8,0.016237767413258553,0.6055402692332864
Tight prox FTRL,8,0.016237767413258553,0.6079492319524991
Prox FTRL,8,0.016237767413258553,0.6079751161599265
AdaHedge FTRL,8,0.016237767413258553,0.5644596823438466
Proximal Point,8,0.016237767413258553,0.5525186662214703
FTRL,8,0.02636650949716568,0.5674488116875291
Tight prox FTRL,8,0.02636650949716568,0.5721796808086526
Prox FTRL,8,0.02636650949716568,0.5722231375816769
AdaHedge FTRL,8,0.02636650949716568,0.5407437349245574
Proximal Point,8,0.02636650949716568,0.5053806488005165
FTRL,8,0.04281332343816757,0.5216980480942875
Tight prox FTRL,8,0.04281332343816757,0.5299658595072596
Prox FTRL,8,0.04281332343816757,0.5300306408363558
AdaHedge FTRL,8,0.04281332343816757,0.5153093319104909
Proximal Point,8,0.04281332343816757,0.4560706498481103
FTRL,8,0.0695192813873291,0.4721523465607315
Tight prox FTRL,8,0.0695192813873291,0.4848593247747128
Prox FTRL,8,0.0695192813873291,0.4849455038730754
AdaHedge FTRL,8,0.0695192813873291,0.4889024344243793
Proximal Point,8,0.0695192813873291,0.4093724608917925
FTRL,8,0.1128837913274765,0.4240527488505468
Tight prox FTRL,8,0.1128837913274765,0.44113127898337146
Prox FTRL,8,0.1128837913274765,0.44123464350883074
AdaHedge FTRL,8,0.1128837913274765,0.4623982560207595
Proximal Point,8,0.1128837913274765,0.36913808631965855
FTRL,8,0.18329806625843048,0.38283133813459425
Tight prox FTRL,8,0.18329806625843048,0.4024359921560202
Prox FTRL,8,0.18329806625843048,0.40255017673476245
AdaHedge FTRL,8,0.18329806625843048,0.4366998946596193
Proximal Point,8,0.18329806625843048,0.33765365071961545
FTRL,8,0.29763513803482056,0.35408495998056605
Tight prox FTRL,8,0.29763513803482056,0.3711617687585012
Prox FTRL,8,0.29763513803482056,0.37127933845695243
AdaHedge FTRL,8,0.29763513803482056,0.41264623384243443
Proximal Point,8,0.29763513803482056,0.3156585621626017
FTRL,8,0.4832930266857147,0.34521172105614095
Tight prox FTRL,8,0.4832930266857147,0.34842403549125617
Prox FTRL,8,0.4832930266857147,0.3485378670387796
AdaHedge FTRL,8,0.4832930266857147,0.390945730745883
Proximal Point,8,0.4832930266857147,0.3026496021702875
FTRL,8,0.7847599983215332,0.3709160171970725
Tight prox FTRL,8,0.7847599983215332,0.33434980434271605
Prox FTRL,8,0.7847599983215332,0.33445421556451194
AdaHedge FTRL,8,0.7847599983215332,0.3721454439623561
Proximal Point,8,0.7847599983215332,0.29738214981154026
FTRL,8,1.2742749452590942,0.4654657410085201
Tight prox FTRL,8,1.2742749452590942,0.32847549301369533
Prox FTRL,8,1.2742749452590942,0.3285671467615199
AdaHedge FTRL,8,1.2742749452590942,0.3566307566596833
Proximal Point,8,1.2742749452590942,0.2986204603291302
FTRL,8,2.0691380500793457,0.7178626891747117
Tight prox FTRL,8,2.0691380500793457,0.33020448330726193
Prox FTRL,8,2.0691380500793457,0.3302803664350373
AdaHedge FTRL,8,2.0691380500793457,0.3446396285366589
Proximal Point,8,2.0691380500793457,0.30586339510016075
FTRL,8,3.35981822013855,1.3763333833813667
Tight prox FTRL,8,3.35981822013855,0.3392247620449707
Prox FTRL,8,3.35981822013855,0.3392847496571217
AdaHedge FTRL,8,3.35981822013855,0.3362966398266235
Proximal Point,8,3.35981822013855,0.3194383950216646
FTRL,8,5.455595016479492,
Tight prox FTRL,8,5.455595016479492,0.35565894974000384
Prox FTRL,8,5.455595016479492,0.35570175924580955
AdaHedge FTRL,8,5.455595016479492,0.3316480425683172
Proximal Point,8,5.455595016479492,0.33999099624790996
FTRL,8,8.858668327331543,
Tight prox FTRL,8,8.858668327331543,0.37980256000574353
Prox FTRL,8,8.858668327331543,0.3798284527740968
AdaHedge FTRL,8,8.858668327331543,0.3307080959946263
Proximal Point,8,8.858668327331543,0.3679665968056982
FTRL,8,14.384498596191406,
Tight prox FTRL,8,14.384498596191406,0.41159068844072527
Prox FTRL,8,14.384498596191406,0.4116005066243238
AdaHedge FTRL,8,14.384498596191406,0.3334963369952687
Proximal Point,8,14.384498596191406,0.4031816814715886
FTRL,8,23.357213973999023,
Tight prox FTRL,8,23.357213973999023,0.4500549640324485
Prox FTRL,8,23.357213973999023,0.4500505218460757
AdaHedge FTRL,8,23.357213973999023,0.34006821925966735
Proximal Point,8,23.357213973999023,0.44448902285298425
FTRL,8,37.926902770996094,
Tight prox FTRL,8,37.926902770996094,0.49301133781146966
Prox FTRL,8,37.926902770996094,0.49299657052056284
AdaHedge FTRL,8,37.926902770996094,0.3505213778726738
Proximal Point,8,37.926902770996094,0.4896010353278286
FTRL,8,61.58481979370117,
Tight prox FTRL,8,61.58481979370117,0.5371230114203608
Prox FTRL,8,61.58481979370117,0.5371011058197903
AdaHedge FTRL,8,61.58481979370117,0.3649866854404314
Proximal Point,8,61.58481979370117,0.5351924785559812
FTRL,8,100.0,
Tight prox FTRL,8,100.0,0.578288018581557
Prox FTRL,8,100.0,0.5782619286065531
AdaHedge FTRL,8,100.0,0.3835690174212679
Proximal Point,8,100.0,0.577285881446006
FTRL,9,0.009999999776482582,0.6343368238806725
Tight prox FTRL,9,0.009999999776482582,0.6354772800008494
Prox FTRL,9,0.009999999776482582,0.6354893121222723
AdaHedge FTRL,9,0.009999999776482582,0.5849051929395404
Proximal Point,9,0.009999999776482582,0.5930938525032772
FTRL,9,0.016237767413258553,0.6051258705928921
Tight prox FTRL,9,0.016237767413258553,0.6075898524614862
Prox FTRL,9,0.016237767413258553,0.6076131730130169
AdaHedge FTRL,9,0.016237767413258553,0.5630697957323211
Proximal Point,9,0.016237767413258553,0.5520101848114979
FTRL,9,0.02636650949716568,0.5665690922625363
Tight prox FTRL,9,0.02636650949716568,0.5714159517468093
Prox FTRL,9,0.02636650949716568,0.5714564345129037
AdaHedge FTRL,9,0.02636650949716568,0.5388879299229935
Proximal Point,9,0.02636650949716568,0.5042618754003263
FTRL,9,0.04281332343816757,0.5201330950409174
Tight prox FTRL,9,0.04281332343816757,0.5285959723897291
Prox FTRL,9,0.04281332343816757,0.5286581202028727
AdaHedge FTRL,9,0.04281332343816757,0.5129155093958708
Proximal Point,9,0.04281332343816757,0.4542099956111552
FTRL,9,0.0695192813873291,0.46986670878436415
Tight prox FTRL,9,0.0695192813873291,0.48278740745203186
Prox FTRL,9,0.0695192813873291,0.4828721772960799
AdaHedge FTRL,9,0.0695192813873291,0.4859366407164673
Proximal Point,9,0.0695192813873291,0.40682878222788504
FTRL,9,0.1128837913274765,0.42131768694799393
Tight prox FTRL,9,0.1128837913274765,0.4384412336873454
Prox FTRL,9,0.1128837913274765,0.4385451274455402
AdaHedge FTRL,9,0.1128837913274765,0.4588844580242278
Proximal Point,9,0.1128837913274765,0.36615248901894165
FTRL,9,0.18329806625843048,0.3800973579045385
Tight prox FTRL,9,0.18329806625843048,0.3993274244931332
Prox FTRL,9,0.18329806625843048,0.39944401662953566
AdaHedge FTRL,9,0.18329806625843048,0.43272250862170397
Proximal Point,9,0.18329806625843048,0.33454241144843977
FTRL,9,0.29763513803482056,0.35176041297242044
Tight prox FTRL,9,0.29763513803482056,0.36781728992591334
Prox FTRL,9,0.29763513803482056,0.3679389205924592
AdaHedge FTRL,9,0.29763513803482056,0.40833910269750373
Proximal Point,9,0.29763513803482056,0.3126632317248879
FTRL,9,0.4832930266857147,0.3434620634503663
Tight prox FTRL,9,0.4832930266857147,0.3449278575078517
Prox FTRL,9,0.4832930266857147,0.34504772774160325
AdaHedge FTRL,9,0.4832930266857147,0.3864658431957978
Proximal Point,9,0.4832930266857147,0.2998381909611778
FTRL,9,0.7847599983215332,0.36876829601079225
Tight prox FTRL,9,0.7847599983215332,0.330679961337061
Prox FTRL,9,0.7847599983215332,0.33079288188708145
AdaHedge FTRL,9,0.7847599983215332,0.36764585003481
Proximal Point,9,0.7847599983215332,0.2946412568911883
FTRL,9,1.2742749452590942,0.460500090457499
Tight prox FTRL,9,1.2742749452590942,0.32451864112021567
Prox FTRL,9,1.2742749452590942,0.3246212640560857
AdaHedge FTRL,9,1.2742749452590942,0.35223369677699146
Proximal Point,9,1.2742749452590942,0.29569015468791876
FTRL,9,2.0691380500793457,0.7048631567731499
Tight prox FTRL,9,2.0691380500793457,0.32577004348192345
Prox FTRL,9,2.0691380500793457,0.3258618265770608
AdaHedge FTRL,9,2.0691380500793457,0.340424421811911
Proximal Point,9,2.0691380500793457,0.3023808887768511
FTRL,9,3.35981822013855,1.3375550173223019
Tight prox FTRL,9,3.35981822013855,0.33407789491541323
Prox FTRL,9,3.35981822013855,0.3341578728089126
AdaHedge FTRL,9,3.35981822013855,0.33229431168210555
Proximal Point,9,3.35981822013855,0.3150192043082362
FTRL,9,5.455595016479492,3.1679654929339884
Tight prox FTRL,9,5.455595016479492,0.34959127176381866
Prox FTRL,9,5.455595016479492,0.3496615872903249
AdaHedge FTRL,9,5.455595016479492,0.3278434731546327
Proximal Point,9,5.455595016479492,0.33435677613166764
FTRL,9,8.858668327331543,
Tight prox FTRL,9,8.858668327331543,0.3727506674502378
Prox FTRL,9,8.858668327331543,0.37281205197376815
AdaHedge FTRL,9,8.858668327331543,0.3270432858606502
Proximal Point,9,8.858668327331543,0.36108081306710066
FTRL,9,14.384498596191406,
Tight prox FTRL,9,14.384498596191406,0.40371811068628916
Prox FTRL,9,14.384498596191406,0.4037717232029184
AdaHedge FTRL,9,14.384498596191406,0.3298793391969743
Proximal Point,9,14.384498596191406,0.39531562826956357
FTRL,9,23.357213973999023,
Tight prox FTRL,9,23.357213973999023,0.44164930429936566
Prox FTRL,9,23.357213973999023,0.44169559663703817
AdaHedge FTRL,9,23.357213973999023,0.3363817843175003
Proximal Point,9,23.357213973999023,0.4360359673332657
FTRL,9,37.926902770996094,
Tight prox FTRL,9,37.926902770996094,0.4841157763902499
Prox FTRL,9,37.926902770996094,0.4841567016411112
AdaHedge FTRL,9,37.926902770996094,0.34663931618854665
Proximal Point,9,37.926902770996094,0.4806629785813005
FTRL,9,61.58481979370117,
Tight prox FTRL,9,61.58481979370117,0.5272444132993571
Prox FTRL,9,61.58481979370117,0.5272822689384201
AdaHedge FTRL,9,61.58481979370117,0.36078840093919623
Proximal Point,9,61.58481979370117,0.5252924540105993
FTRL,9,100.0,
Tight prox FTRL,9,100.0,0.5669862538953334
Prox FTRL,9,100.0,0.5670224523533168
AdaHedge FTRL,9,100.0,0.3789682584181252
Proximal Point,9,100.0,0.5659623936352834
