,experiment,dim,num_of_samples,prox_pt_time,sgd_time,sgd_batch_size
0,0,1000,500,1.6068600279999998,0.20491077299999993,1
1,0,1000,500,1.5793403039999996,0.021409512000000852,16
2,0,1000,500,1.571996285,0.012496535000000364,32
3,0,1000,1000,3.500052408,0.40814083199999995,1
4,0,1000,1000,3.4789769780000004,0.03437174199999937,16
5,0,1000,1000,3.4715862709999996,0.021744057999999455,32
6,0,1000,1000,3.4611890360000004,0.4028937749999999,1
7,0,1000,1000,3.468547237,0.035018749999999876,16
8,0,1000,1000,3.4873501009999996,0.022880659000000136,32
9,0,1000,2000,6.608299592000001,0.9621805949999995,1
10,0,1000,2000,6.552510553,0.07731249000000062,16
11,0,1000,2000,6.667360056,0.0562053640000002,32
12,0,1000,2500,8.417338677,1.1837002650000006,1
13,0,1000,2500,8.393015456,0.10334874499999991,16
14,0,1000,2500,8.46717146,0.061348926999999165,32
15,0,1000,3000,10.256750066999999,1.3619986230000016,1
16,0,1000,3000,10.016378160999999,0.1149908049999997,16
17,0,1000,3000,9.985649418,0.06921870499999905,32
18,0,3000,500,1.6101916269999998,0.1983932089999998,1
19,0,3000,500,1.5934082740000006,0.021332869000000088,16
20,0,3000,500,1.5976574159999997,0.012325973999999462,32
21,0,3000,1000,3.289159089000001,0.49788232400000076,1
22,0,3000,1000,3.268621551999999,0.04156404899999977,16
23,0,3000,1000,3.2586330960000005,0.025786892999999367,32
24,0,3000,1000,3.297317295,0.5020849080000005,1
25,0,3000,1000,3.318972582,0.04506848599999991,16
26,0,3000,1000,3.475043938999999,0.026313635000001057,32
27,0,3000,2000,7.061591641999998,0.9023002890000029,1
28,0,3000,2000,7.132014926,0.08124426199999846,16
29,0,3000,2000,7.198081137000001,0.05289233599999932,32
30,0,3000,2500,8.88975902,1.022328635000001,1
31,0,3000,2500,8.921301575,0.09796404799999792,16
32,0,3000,2500,8.890248729999998,0.056509709999996716,32
33,0,3000,3000,10.273517499,0.9835906510000001,1
34,0,3000,3000,10.165810812,0.09735013499999923,16
35,0,3000,3000,10.124602327000002,0.05812069099999917,32
36,0,6000,500,1.8537033810000008,0.23561444999999992,1
37,0,6000,500,1.8604149419999985,0.02191491199999973,16
38,0,6000,500,1.852750038,0.014558948999999544,32
39,0,6000,1000,3.6004311750000006,0.4560110270000024,1
40,0,6000,1000,3.597000961000001,0.04673078100000083,16
41,0,6000,1000,3.5870169439999984,0.04109717000000046,32
42,0,6000,1000,3.569932726000001,0.47395912600000045,1
43,0,6000,1000,3.5831602699999987,0.045239585000000915,16
44,0,6000,1000,3.653923000999999,0.03229287500000311,32
45,0,6000,2000,6.521421574,0.6094479740000018,1
46,0,6000,2000,5.764229391000001,0.04889052000000049,16
47,0,6000,2000,5.571137056999998,0.03253531300000034,32
48,0,6000,2500,6.282736668000002,0.5872387709999991,1
49,0,6000,2500,6.3941599390000015,0.05696956999999969,16
50,0,6000,2500,6.224426287,0.03804688299999981,32
51,0,6000,3000,6.976910031999999,0.7073272270000004,1
52,0,6000,3000,6.649952747,0.0653623880000005,16
53,0,6000,3000,6.271603695,0.044139420000000484,32
54,1,1000,500,1.5973894599999987,0.2065673100000005,1
55,1,1000,500,1.5809204170000015,0.017553451000001274,16
56,1,1000,500,1.5981960519999987,0.010767682999997419,32
57,1,1000,1000,3.1777047859999996,0.4134340380000019,1
58,1,1000,1000,3.1743366280000025,0.03256828800000022,16
59,1,1000,1000,3.1914778350000006,0.020549729000002515,32
60,1,1000,1000,3.1938483140000002,0.41405583899999954,1
61,1,1000,1000,3.1671833499999984,0.033429133999998584,16
62,1,1000,1000,3.1951254710000008,0.02063861299999914,32
63,1,1000,2000,6.358032218999998,0.9258969680000035,1
64,1,1000,2000,6.432812132999999,0.07826481499999716,16
65,1,1000,2000,6.408365029000002,0.046834388000000615,32
66,1,1000,2500,8.076209246999998,1.182266344999995,1
67,1,1000,2500,8.156104009,0.09670430500000293,16
68,1,1000,2500,8.222039327999997,0.06468149500000209,32
69,1,1000,3000,10.026728099000003,1.377997796999999,1
70,1,1000,3000,10.149516975999997,0.11273254000000321,16
71,1,1000,3000,10.280164724999995,0.0738802719999967,32
72,1,3000,500,1.6286265460000031,0.21806921499999987,1
73,1,3000,500,1.627289864999998,0.01903341499999911,16
74,1,3000,500,1.6329975869999984,0.011467298999999542,32
75,1,3000,1000,3.2719686480000014,0.4693732519999969,1
76,1,3000,1000,3.2781540489999976,0.041726795000002426,16
77,1,3000,1000,3.2925544309999957,0.025849324999995815,32
78,1,3000,1000,3.327548056999998,0.4800598559999969,1
79,1,3000,1000,3.346960298999999,0.04785206900000105,16
80,1,3000,1000,3.4620679290000034,0.02826613799999933,32
81,1,3000,2000,7.048413615000001,0.9121046240000013,1
82,1,3000,2000,7.261176970000001,0.08062511299999642,16
83,1,3000,2000,7.233608404999998,0.052851496999998915,32
84,1,3000,2500,8.998880746999994,1.033305433999999,1
85,1,3000,2500,8.946084415000001,0.09786769699999809,16
86,1,3000,2500,8.980105043000002,0.06344080099999871,32
87,1,3000,3000,10.316495039000003,1.0525777359999964,1
88,1,3000,3000,10.225945436000003,0.10095912599999934,16
89,1,3000,3000,10.276376870999997,0.05445416700000294,32
90,1,6000,500,1.882300941000004,0.23775282500000117,1
91,1,6000,500,1.8995904710000033,0.02225794400000325,16
92,1,6000,500,1.8595761829999944,0.01585571300000055,32
93,1,6000,1000,3.6179237460000024,0.4733042989999987,1
94,1,6000,1000,3.615201081000002,0.04212052500000141,16
95,1,6000,1000,3.591215430999995,0.026617500000000405,32
96,1,6000,1000,3.604851762999999,0.4818621759999999,1
97,1,6000,1000,3.6614032039999955,0.04147452899999848,16
98,1,6000,1000,3.6160278250000033,0.03022213500000248,32
99,1,6000,2000,6.504627309,0.6135237319999973,1
100,1,6000,2000,5.9224644290000015,0.050068955000000415,16
101,1,6000,2000,5.693651040999995,0.03276967400000075,32
102,1,6000,2500,6.368226987,0.5987775520000014,1
103,1,6000,2500,6.361614180000004,0.05785788700000438,16
104,1,6000,2500,6.2837079660000015,0.037468468000000144,32
105,1,6000,3000,7.047507593999995,0.7000446810000014,1
106,1,6000,3000,6.697214606999999,0.06754234000000281,16
107,1,6000,3000,6.582686555999999,0.042984189000002004,32
108,2,1000,500,1.5691563470000034,0.20740593600000068,1
109,2,1000,500,1.5682833529999982,0.017054622000003405,16
110,2,1000,500,1.5739361360000004,0.010876709000001483,32
111,2,1000,1000,3.091230289000002,0.4129897360000001,1
112,2,1000,1000,3.11394078,0.03469300700000133,16
113,2,1000,1000,3.1210628139999983,0.021564385000004904,32
114,2,1000,1000,3.104869297999997,0.4089041410000007,1
115,2,1000,1000,3.0955885269999968,0.03467889599999552,16
116,2,1000,1000,3.138405808999998,0.022132736000003206,32
117,2,1000,2000,6.3317999540000045,0.957756246999999,1
118,2,1000,2000,6.428975122000004,0.08124595700000015,16
119,2,1000,2000,6.361762089000003,0.04850906400000099,32
120,2,1000,2500,8.217098152000005,1.1980676069999987,1
121,2,1000,2500,8.153017047000006,0.09938372899999592,16
122,2,1000,2500,8.175273290999996,0.06030052100000205,32
123,2,1000,3000,10.031725360000003,1.3542989720000023,1
124,2,1000,3000,10.138392331999995,0.11120283099999995,16
125,2,1000,3000,10.109238781000002,0.0669664730000008,32
126,2,3000,500,1.5819467040000035,0.20559023399999887,1
127,2,3000,500,1.5821671910000035,0.020340550000000235,16
128,2,3000,500,1.590058018999997,0.013159858999998164,32
129,2,3000,1000,3.3141828289999964,0.49181197900000484,1
130,2,3000,1000,3.352417973999998,0.042560672000000466,16
131,2,3000,1000,3.381986646999998,0.025843762999997466,32
132,2,3000,1000,3.4230866839999976,0.4916355149999987,1
133,2,3000,1000,3.4217035080000002,0.041284451000002775,16
134,2,3000,1000,3.624057410000006,0.026769508000000997,32
135,2,3000,2000,7.199023238999999,0.9046431310000003,1
136,2,3000,2000,7.156567136,0.0866815700000032,16
137,2,3000,2000,7.187684654999998,0.05074413999999905,32
138,2,3000,2500,9.042574520999999,1.0806527029999984,1
139,2,3000,2500,8.843504093000007,0.09959401999999784,16
140,2,3000,2500,8.903859805000003,0.06283842300000231,32
141,2,3000,3000,10.341853086999997,0.9481627090000018,1
142,2,3000,3000,10.281991415,0.10098740200000123,16
143,2,3000,3000,10.327588266000006,0.044814666999997144,32
144,2,6000,500,1.8348119899999986,0.22775731700000534,1
145,2,6000,500,1.8415427489999985,0.021680377000002693,16
146,2,6000,500,1.8424944890000035,0.014177645000003736,32
147,2,6000,1000,3.591200540999999,0.46603475999999944,1
148,2,6000,1000,3.5567115979999997,0.04096528899999896,16
149,2,6000,1000,3.5537114119999984,0.043722107999997206,32
150,2,6000,1000,3.5493946260000016,0.45915475199999634,1
151,2,6000,1000,3.6263783870000026,0.04454921199999973,16
152,2,6000,1000,3.622190961000001,0.03984539600000403,32
153,2,6000,2000,6.564493607000003,0.564653590000006,1
154,2,6000,2000,6.14752542099999,0.05543863500000157,16
155,2,6000,2000,5.697488657000001,0.03363116100000241,32
156,2,6000,2500,6.492923509999997,0.6054587640000051,1
157,2,6000,2500,6.4211132479999975,0.05671661000000938,16
158,2,6000,2500,6.5144490970000035,0.037123773999994114,32
159,2,6000,3000,7.125543159000003,0.8160109640000002,1
160,2,6000,3000,6.922794733999993,0.06674530699999082,16
161,2,6000,3000,6.7354631680000026,0.04623130500000627,32
162,3,1000,500,1.5478691220000087,0.1986045139999959,1
163,3,1000,500,1.5448880430000003,0.018014394999994465,16
164,3,1000,500,1.5402609730000023,0.010524630999995566,32
165,3,1000,1000,3.1292838079999967,0.4064678459999982,1
166,3,1000,1000,3.0898697490000018,0.033543429000005176,16
167,3,1000,1000,3.1047583520000046,0.021429351999998403,32
168,3,1000,1000,3.0993325410000097,0.40704330199999106,1
169,3,1000,1000,3.0917025770000066,0.03325715300000809,16
170,3,1000,1000,3.127827443000001,0.020105391000001305,32
171,3,1000,2000,6.538438154999994,0.9533909849999986,1
172,3,1000,2000,6.4866793959999995,0.07825346699999614,16
173,3,1000,2000,6.536257340999995,0.04957865299999753,32
174,3,1000,2500,8.28714578799999,1.1984949489999934,1
175,3,1000,2500,8.274073969,0.09799703099999135,16
176,3,1000,2500,8.375840628999995,0.0624397959999925,32
177,3,1000,3000,10.044050772999995,1.3383231350000102,1
178,3,1000,3000,10.221927713,0.11326477299999738,16
179,3,1000,3000,10.251823056000006,0.06901476400000206,32
180,3,3000,500,1.558122104000006,0.20461922200000515,1
181,3,3000,500,1.6592924770000081,0.02119864099999802,16
182,3,3000,500,1.7006991930000055,0.013642668999992225,32
183,3,3000,1000,3.5087739430000084,0.4788876120000083,1
184,3,3000,1000,3.5061619800000017,0.044765010999995525,16
185,3,3000,1000,3.5373982979999994,0.028214977000004637,32
186,3,3000,1000,3.559129260000006,0.4774378289999959,1
187,3,3000,1000,3.609399437999997,0.04371703799999693,16
188,3,3000,1000,3.6080940450000014,0.024858681000011984,32
189,3,3000,2000,7.261034809999998,0.9164816610000059,1
190,3,3000,2000,7.117023943999996,0.08439148400000818,16
191,3,3000,2000,7.249930344999996,0.05374735499999872,32
192,3,3000,2500,9.007330019000008,1.0793990640000004,1
193,3,3000,2500,8.967388573999997,0.09990539699998635,16
194,3,3000,2500,8.954924598999995,0.06469114700000489,32
195,3,3000,3000,10.463919681000007,0.9937800350000003,1
196,3,3000,3000,10.323017731999997,0.0970259750000082,16
197,3,3000,3000,10.247978713000009,0.05944168399999228,32
198,3,6000,500,1.8370261150000005,0.22695553799999857,1
199,3,6000,500,1.8512361490000018,0.024492991999991887,16
200,3,6000,500,1.85204129600001,0.014219745000005446,32
201,3,6000,1000,3.6262132279999975,0.4672848999999957,1
202,3,6000,1000,3.604684996000003,0.043604386000012596,16
203,3,6000,1000,3.5940383040000086,0.026835078999994266,32
204,3,6000,1000,3.58167800599999,0.4603161880000073,1
205,3,6000,1000,3.6731602469999984,0.048012219999989725,16
206,3,6000,1000,3.640012596999995,0.03171818699999562,32
207,3,6000,2000,6.5246952979999975,0.5922903210000072,1
208,3,6000,2000,6.1226543960000015,0.051054454999999166,16
209,3,6000,2000,5.7474345229999955,0.03192824299999586,32
210,3,6000,2500,6.466533142000003,0.5981792729999995,1
211,3,6000,2500,6.420214640999987,0.0567064780000095,16
212,3,6000,2500,6.3380914059999895,0.037531452999999715,32
213,3,6000,3000,7.108350392999995,0.6995479239999867,1
214,3,6000,3000,6.889312644,0.06548212099998807,16
215,3,6000,3000,6.554364715999995,0.04208508000000677,32
216,4,1000,500,1.5542408590000036,0.20340074499999616,1
217,4,1000,500,1.5600805039999983,0.017070771999996737,16
218,4,1000,500,1.5602793609999992,0.011374406999991038,32
219,4,1000,1000,3.0901321569999993,0.41452448399999753,1
220,4,1000,1000,3.107280012000004,0.03888772199999835,16
221,4,1000,1000,3.1243753570000052,0.022592865999996548,32
222,4,1000,1000,3.114624630999998,0.41780619200000046,1
223,4,1000,1000,3.0807736029999973,0.03405945600000848,16
224,4,1000,1000,3.0947185780000126,0.02194192800000394,32
225,4,1000,2000,6.619442250000006,1.001889073000001,1
226,4,1000,2000,6.625271389999995,0.0826154530000025,16
227,4,1000,2000,6.626869966000001,0.05081798099999446,32
228,4,1000,2500,8.344645501999992,1.1450944649999997,1
229,4,1000,2500,8.38735456100001,0.09352466999999365,16
230,4,1000,2500,8.42367034499999,0.06258647399999973,32
231,4,1000,3000,10.106907793000005,1.3329166569999984,1
232,4,1000,3000,10.369767855999996,0.11414642199999037,16
233,4,1000,3000,10.400635765999994,0.0692673239999948,32
234,4,3000,500,1.5773517450000014,0.20431923000001007,1
235,4,3000,500,1.7129965860000027,0.021084188000003223,16
236,4,3000,500,1.7107412210000064,0.013569244999999341,32
237,4,3000,1000,3.569293550000012,0.5161480630000028,1
238,4,3000,1000,3.6153525489999936,0.049776419000011174,16
239,4,3000,1000,3.660397205999999,0.028791193000003545,32
240,4,3000,1000,3.6741264200000074,0.4893039250000015,1
241,4,3000,1000,3.653278448000009,0.04594072100000801,16
242,4,3000,1000,3.7270593169999984,0.02687555199999281,32
243,4,3000,2000,7.2216508970000035,0.9378157459999983,1
244,4,3000,2000,7.2117816149999925,0.08462571600000501,16
245,4,3000,2000,7.207238415999996,0.05504423499999689,32
246,4,3000,2500,9.010390858000008,1.0903402830000033,1
247,4,3000,2500,9.005127195,0.09480377799999928,16
248,4,3000,2500,8.939200813,0.06388315699999225,32
249,4,3000,3000,10.353024743999995,0.943386579999995,1
250,4,3000,3000,10.26645753199999,0.08991789799999594,16
251,4,3000,3000,10.311748840000007,0.05751329999999655,32
252,4,6000,500,1.8060660000000013,0.22445363899998938,1
253,4,6000,500,1.8023410109999958,0.021143416000001025,16
254,4,6000,500,1.7994991580000033,0.015700868999999784,32
255,4,6000,1000,3.5719939640000007,0.4949874859999994,1
256,4,6000,1000,3.652796699999996,0.042882468999991374,16
257,4,6000,1000,3.631930959999991,0.03693657399999495,32
258,4,6000,1000,3.610228849000009,0.4916003019999948,1
259,4,6000,1000,3.6838784389999972,0.048441030000006435,16
260,4,6000,1000,3.7385802969999986,0.03032597600000031,32
261,4,6000,2000,6.550462632999995,0.5976663090000045,1
262,4,6000,2000,6.053998606999997,0.051947075000001064,16
263,4,6000,2000,5.752549846999997,0.032074932000000445,32
264,4,6000,2500,6.378365801000001,0.609206001000004,1
265,4,6000,2500,6.415252874999993,0.05715693700000202,16
266,4,6000,2500,6.374831459000006,0.03724878599999215,32
267,4,6000,3000,7.163231265999997,0.7044494600000064,1
268,4,6000,3000,6.8253199940000115,0.06499928499999896,16
269,4,6000,3000,6.601186554000009,0.04253174400000148,32
270,5,1000,500,1.5408261050000078,0.20924937899999918,1
271,5,1000,500,1.5384828769999928,0.01743039400000157,16
272,5,1000,500,1.552952254999994,0.010613558999992279,32
273,5,1000,1000,3.08810036700001,0.4099194630000085,1
274,5,1000,1000,3.173047877000002,0.034860762000008094,16
275,5,1000,1000,3.1250463749999966,0.021117746000001603,32
276,5,1000,1000,3.0791537930000032,0.4170195800000016,1
277,5,1000,1000,3.1013327539999977,0.0352982389999994,16
278,5,1000,1000,3.090006465000002,0.021675698000009902,32
279,5,1000,2000,6.315325747000003,0.9405328680000054,1
280,5,1000,2000,6.359110958000002,0.07558723599998984,16
281,5,1000,2000,6.387164561000006,0.04735834900000668,32
282,5,1000,2500,8.221419987000004,1.192344821000006,1
283,5,1000,2500,8.102230128000002,0.10108828899998912,16
284,5,1000,2500,8.085352280999999,0.06181226700000764,32
285,5,1000,3000,9.986236546,1.4417018540000015,1
286,5,1000,3000,10.261649750999993,0.11943114000000321,16
287,5,1000,3000,10.265374550000004,0.0750031630000052,32
288,5,3000,500,1.5690211309999995,0.21568216299999676,1
289,5,3000,500,1.6451870630000087,0.018650084999990213,16
290,5,3000,500,1.625767334999992,0.012499533000010388,32
291,5,3000,1000,3.4131008330000014,0.4811260199999907,1
292,5,3000,1000,3.378584379000003,0.04112965499999177,16
293,5,3000,1000,3.368182931000007,0.03105786199999727,32
294,5,3000,1000,3.4053411850000117,0.4863832650000006,1
295,5,3000,1000,3.395739999,0.04225865299999043,16
296,5,3000,1000,3.556494795000006,0.031173391999999467,32
297,5,3000,2000,7.200729929999994,0.9712080230000026,1
298,5,3000,2000,7.404874048000011,0.08756939099998817,16
299,5,3000,2000,7.415713291000003,0.053739673999984916,32
300,5,3000,2500,9.32803315400001,1.1266023990000065,1
301,5,3000,2500,9.317207150000002,0.10132585300002006,16
302,5,3000,2500,9.386193874,0.06526156199998923,32
303,5,3000,3000,10.893655246999984,1.1027643769999997,1
304,5,3000,3000,10.753740287000014,0.10879296600000998,16
305,5,3000,3000,10.826934393000002,0.05898557899999446,32
306,5,6000,500,1.9064881380000003,0.24023177499999804,1
307,5,6000,500,1.8984549329999965,0.02171899500000052,16
308,5,6000,500,1.8977028029999872,0.01692730499999584,32
309,5,6000,1000,3.823077713999993,0.5047208909999767,1
310,5,6000,1000,3.7868263559999917,0.0436886960000038,16
311,5,6000,1000,3.813256011000007,0.02872602400000801,32
312,5,6000,1000,3.83535255999999,0.5289451190000136,1
313,5,6000,1000,3.880841453000002,0.04434016500002258,16
314,5,6000,1000,3.9136886109999978,0.03059431100001575,32
315,5,6000,2000,6.818742210000011,0.6403364629999828,1
316,5,6000,2000,6.525014711000011,0.05332444100000089,16
317,5,6000,2000,6.193767158000014,0.03637555200000975,32
318,5,6000,2500,6.9904919819999805,0.7097396839999988,1
319,5,6000,2500,6.928786862999999,0.06609921099999383,16
320,5,6000,2500,6.798054524999998,0.04271875000000591,32
321,5,6000,3000,7.721860040999985,0.7931392440000025,1
322,5,6000,3000,7.606869490999998,0.07259738799999127,16
323,5,6000,3000,7.10922412299999,0.04861967799999434,32
324,6,1000,500,1.6145996660000037,0.2176469700000041,1
325,6,1000,500,1.6209779069999968,0.021433442000017067,16
326,6,1000,500,1.6255811679999965,0.011817570999994587,32
327,6,1000,1000,3.2277865340000176,0.43399363000000335,1
328,6,1000,1000,3.230398025999989,0.0345455759999993,16
329,6,1000,1000,3.2648172649999765,0.020340402999977414,32
330,6,1000,1000,3.2392187749999835,0.43620813300000805,1
331,6,1000,1000,3.2369927710000184,0.037001252000010254,16
332,6,1000,1000,3.2335876810000173,0.021778810999990128,32
333,6,1000,2000,6.699153762000009,0.9552126739999949,1
334,6,1000,2000,6.648577068999998,0.07416260400000851,16
335,6,1000,2000,6.643870762000006,0.04674707399999534,32
336,6,1000,2500,8.45998040400002,1.2081239829999788,1
337,6,1000,2500,8.480192426000002,0.09757687700002293,16
338,6,1000,2500,8.530133654000025,0.061293106000022135,32
339,6,1000,3000,10.236820077000004,1.423817678000006,1
340,6,1000,3000,10.482491020999987,0.12039724999999635,16
341,6,1000,3000,10.495338707000002,0.07278496899999709,32
342,6,3000,500,1.6525489310000125,0.2190021910000155,1
343,6,3000,500,1.7106931609999947,0.020817187000005788,16
344,6,3000,500,1.701020034999999,0.013068861999983028,32
345,6,3000,1000,3.4839554260000227,0.4692543390000026,1
346,6,3000,1000,3.48969143299999,0.040761330000009366,16
347,6,3000,1000,3.49513752499999,0.025948951000003717,32
348,6,3000,1000,3.547814385999999,0.505855744999991,1
349,6,3000,1000,3.5551876410000034,0.05060005499998965,16
350,6,3000,1000,3.594975301000005,0.028060119000002715,32
351,6,3000,2000,7.307684305999999,0.9676132600000074,1
352,6,3000,2000,7.453689643999979,0.08537662300000193,16
353,6,3000,2000,7.4356944189999865,0.05425342999998861,32
354,6,3000,2500,9.370163941000015,1.0919993599999884,1
355,6,3000,2500,9.294936775000025,0.10793832199999542,16
356,6,3000,2500,9.30998930299998,0.06413129099999537,32
357,6,3000,3000,10.91292703900001,1.064255486999997,1
358,6,3000,3000,10.87016115199998,0.10102332599998931,16
359,6,3000,3000,10.738882228000023,0.066241070999979,32
360,6,6000,500,1.9059777559999986,0.2514982929999974,1
361,6,6000,500,1.9189992199999892,0.023902939999999262,16
362,6,6000,500,1.8940829870000186,0.01548393300001294,32
363,6,6000,1000,3.7986494369999946,0.4960130450000122,1
364,6,6000,1000,3.821423699999997,0.04487893499998563,16
365,6,6000,1000,3.795078082999993,0.04067809000000011,32
366,6,6000,1000,3.821391626999997,0.5065711400000055,1
367,6,6000,1000,3.8468195400000127,0.047713694000009355,16
368,6,6000,1000,3.8830976330000055,0.03686833099999376,32
369,6,6000,2000,6.985752610999981,0.7007972970000083,1
370,6,6000,2000,6.478821750000009,0.05274067999999943,16
371,6,6000,2000,6.0896228889999975,0.03588976899999352,32
372,6,6000,2500,6.973909786999997,0.6909370940000201,1
373,6,6000,2500,7.029313920000021,0.06607056100000364,16
374,6,6000,2500,6.75918858899999,0.04770507499998189,32
375,6,6000,3000,7.776427087000002,0.7824112979999995,1
376,6,6000,3000,7.501846212000004,0.07311712799997849,16
377,6,6000,3000,7.241667372999984,0.04715857200000073,32
378,7,1000,500,1.6419914409999876,0.21844119599998635,1
379,7,1000,500,1.6421371799999918,0.01881420199998729,16
380,7,1000,500,1.643910974999983,0.012018052999991369,32
381,7,1000,1000,3.264576101000017,0.43869697100001304,1
382,7,1000,1000,3.2930856650000067,0.03969705599999429,16
383,7,1000,1000,3.295232083000002,0.023506886999996368,32
384,7,1000,1000,3.279333156000007,0.4326142349999884,1
385,7,1000,1000,3.2537408069999856,0.0353771079999774,16
386,7,1000,1000,3.275638805,0.023014719000002515,32
387,7,1000,2000,6.624120304999991,0.9243978819999938,1
388,7,1000,2000,6.590449299999989,0.07755861600000458,16
389,7,1000,2000,6.634149444000002,0.04757290500000977,32
390,7,1000,2500,8.316227462,1.1780718729999933,1
391,7,1000,2500,8.378269998999997,0.09453237800002512,16
392,7,1000,2500,8.291986744000013,0.059684956000012335,32
393,7,1000,3000,10.155449538,1.4260058639999897,1
394,7,1000,3000,10.351809750000001,0.12106040099999404,16
395,7,1000,3000,10.355974782999994,0.07365731200002301,32
396,7,3000,500,1.6528339930000016,0.21720783899999674,1
397,7,3000,500,1.671501016999997,0.019948753000022634,16
398,7,3000,500,1.6775656730000037,0.012169051000000763,32
399,7,3000,1000,3.4316307899999856,0.46148189999999545,1
400,7,3000,1000,3.427168727999998,0.04155636199999435,16
401,7,3000,1000,3.4162161130000186,0.026710301000008485,32
402,7,3000,1000,3.447677580000004,0.47511896200001047,1
403,7,3000,1000,3.41581255600002,0.038710119000000986,16
404,7,3000,1000,3.5165632240000093,0.027026366999990614,32
405,7,3000,2000,7.248436897999994,0.9939146739999956,1
406,7,3000,2000,7.375369106000022,0.08469874599998661,16
407,7,3000,2000,7.376941680000016,0.057180292999987614,32
408,7,3000,2500,9.323911166999977,1.098277319999994,1
409,7,3000,2500,9.295569616999984,0.10588824299998123,16
410,7,3000,2500,9.231143134999996,0.06582588500000952,32
411,7,3000,3000,10.749476789,1.1097767720000036,1
412,7,3000,3000,10.711200098000006,0.10874579399998652,16
413,7,3000,3000,10.67795459300001,0.06165594900002702,32
414,7,6000,500,1.882108439999996,0.2397632720000047,1
415,7,6000,500,1.8928229759999908,0.022238383999990674,16
416,7,6000,500,1.9053652500000169,0.015564984000008053,32
417,7,6000,1000,3.775813029999995,0.4880764529999908,1
418,7,6000,1000,3.8352146250000203,0.05631873300001189,16
419,7,6000,1000,3.7949840020000067,0.029605488000015612,32
420,7,6000,1000,3.8088116890000094,0.47505102799999577,1
421,7,6000,1000,3.814134260000003,0.04532464700000105,16
422,7,6000,1000,3.84204319600002,0.029294761999977936,32
423,7,6000,2000,6.8789404649999994,0.6352880280000193,1
424,7,6000,2000,6.406622964999997,0.057238596000019015,16
425,7,6000,2000,6.078590988000002,0.035209164000008286,32
426,7,6000,2500,6.969868996000002,0.6970736290000161,1
427,7,6000,2500,6.844947037999987,0.06536531599999762,16
428,7,6000,2500,6.865452159,0.044424029999987624,32
429,7,6000,3000,7.697082297999998,0.7714709699999958,1
430,7,6000,3000,7.474295565999995,0.06950936900000215,16
431,7,6000,3000,7.2565711969999995,0.04623233000000937,32
432,8,1000,500,1.6222399499999938,0.2153204719999735,1
433,8,1000,500,1.624443336999974,0.018668396999999004,16
434,8,1000,500,1.6393793959999812,0.011369583999993438,32
435,8,1000,1000,3.256646412000009,0.4359245720000047,1
436,8,1000,1000,3.2590223800000047,0.03673639999999523,16
437,8,1000,1000,3.267046497999985,0.022188714000009213,32
438,8,1000,1000,3.258056242000009,0.45135826699998916,1
439,8,1000,1000,3.2378977200000065,0.03561788700000079,16
440,8,1000,1000,3.262839559000014,0.02236400900000035,32
441,8,1000,2000,6.5373029670000165,0.8940298519999885,1
442,8,1000,2000,6.512043374000001,0.07781839399999058,16
443,8,1000,2000,6.572561718999992,0.04203706300000931,32
444,8,1000,2500,8.31481707499998,1.1731987779999997,1
445,8,1000,2500,8.317040726000016,0.09373003100000687,16
446,8,1000,2500,8.34680800000001,0.06615537599998333,32
447,8,1000,3000,10.052797870000006,1.4307993250000095,1
448,8,1000,3000,10.271981036,0.11785309399999733,16
449,8,1000,3000,10.313188167999982,0.07309582100000966,32
450,8,3000,500,1.6471610130000158,0.22065055299998448,1
451,8,3000,500,1.6797073059999832,0.01925315799999794,16
452,8,3000,500,1.668245963000004,0.012692125999990367,32
453,8,3000,1000,3.390658899000016,0.4655463280000163,1
454,8,3000,1000,3.4012344369999994,0.04001108200000658,16
455,8,3000,1000,3.461469160000007,0.0268058730000007,32
456,8,3000,1000,3.4271416750000014,0.4650217550000093,1
457,8,3000,1000,3.387884315000008,0.0439224280000019,16
458,8,3000,1000,3.501366055999995,0.026231483000003664,32
459,8,3000,2000,7.1805928859999995,0.9652765120000026,1
460,8,3000,2000,7.304006186999999,0.09059493700002008,16
461,8,3000,2000,7.405860926999992,0.05826591600001052,32
462,8,3000,2500,9.226004885999998,1.104707268999988,1
463,8,3000,2500,9.30537572900002,0.0988709789999973,16
464,8,3000,2500,9.168433970000024,0.06606644900000447,32
465,8,3000,3000,10.816106904999998,1.1481685579999805,1
466,8,3000,3000,10.683821329000011,0.10750871299998721,16
467,8,3000,3000,10.748261994000018,0.0963783089999879,32
468,8,6000,500,1.886860562999999,0.25771607900000504,1
469,8,6000,500,1.8900500580000141,0.022802022000007582,16
470,8,6000,500,1.8905435380000029,0.015330302000023721,32
471,8,6000,1000,3.8192030820000014,0.4912086880000004,1
472,8,6000,1000,3.8236603869999897,0.037516818000000285,16
473,8,6000,1000,3.831066665999998,0.030113002999996752,32
474,8,6000,1000,3.823944262000026,0.5017831490000049,1
475,8,6000,1000,3.8184689310000124,0.04554916699999012,16
476,8,6000,1000,3.8130242350000003,0.03177133099998741,32
477,8,6000,2000,7.051604833999988,0.6624980169999901,1
478,8,6000,2000,6.508795773999992,0.05717537900000025,16
479,8,6000,2000,6.116213832999989,0.03537549399999307,32
480,8,6000,2500,6.926410170999986,0.7048985440000024,1
481,8,6000,2500,7.061253515000004,0.06510035799999514,16
482,8,6000,2500,6.898383456000005,0.0450722399999961,32
483,8,6000,3000,7.934153062000007,0.7707711580000023,1
484,8,6000,3000,7.491261160000022,0.06932435100000589,16
485,8,6000,3000,7.1658724769999935,0.04744598799999267,32
486,9,1000,500,1.566336616000001,0.2140523809999877,1
487,9,1000,500,1.5802679999999896,0.01837723400001323,16
488,9,1000,500,1.5853146940000045,0.010986639999998715,32
489,9,1000,1000,3.150922070000007,0.4230477600000029,1
490,9,1000,1000,3.139987686000012,0.039262403999998696,16
491,9,1000,1000,3.164657358999989,0.025359707000006892,32
492,9,1000,1000,3.1694882360000065,0.4309575609999854,1
493,9,1000,1000,3.14711119399999,0.035146819000004825,16
494,9,1000,1000,3.125705098999987,0.023286417999997866,32
495,9,1000,2000,6.470840815999992,0.9349038279999888,1
496,9,1000,2000,6.486963594999992,0.07391175699999053,16
497,9,1000,2000,6.504892724999991,0.04576540499999737,32
498,9,1000,2500,8.150697842,1.1846094869999888,1
499,9,1000,2500,8.174550374999995,0.09494634500001098,16
500,9,1000,2500,8.186394153999998,0.05941410500000188,32
501,9,1000,3000,10.067645252000005,1.4665273610000042,1
502,9,1000,3000,10.314452880999994,0.12509623299999362,16
503,9,1000,3000,10.353756905000012,0.07325457299998561,32
504,9,3000,500,1.6124668150000048,0.2143017749999956,1
505,9,3000,500,1.6611015459999976,0.020107097000021668,16
506,9,3000,500,1.6642803029999982,0.013723654000017405,32
507,9,3000,1000,3.3927882929999953,0.45964012500002127,1
508,9,3000,1000,3.392461878000006,0.04516152200000079,16
509,9,3000,1000,3.3972157959999834,0.028133991000004244,32
510,9,3000,1000,3.435746667000018,0.47109398699998906,1
511,9,3000,1000,3.394563264999988,0.03615839799999776,16
512,9,3000,1000,3.50648020700001,0.02822427999998922,32
513,9,3000,2000,7.169365338999995,0.9695880919999809,1
514,9,3000,2000,7.441067188000005,0.08374950000001036,16
515,9,3000,2000,7.439806062000002,0.054127904000011995,32
516,9,3000,2500,9.324765447999994,1.0936319189999892,1
517,9,3000,2500,9.311496815999988,0.10409803400000328,16
518,9,3000,2500,9.33712323200001,0.06322858400000086,32
519,9,3000,3000,10.830993570000004,1.0714799840000069,1
520,9,3000,3000,10.783413295999992,0.10154511700000057,16
521,9,3000,3000,10.837240662,0.059421935000017356,32
522,9,6000,500,1.8796937399999933,0.24856293799999207,1
523,9,6000,500,1.8742924200000175,0.02420518200000288,16
524,9,6000,500,1.887445079999992,0.014557067999987794,32
525,9,6000,1000,3.7741001310000115,0.5124345119999987,1
526,9,6000,1000,3.8335672359999933,0.04463303099998939,16
527,9,6000,1000,3.8490860100000077,0.03577269499999147,32
528,9,6000,1000,3.851203512999973,0.5138607610000179,1
529,9,6000,1000,3.893528204000006,0.044992500999995855,16
530,9,6000,1000,3.871729651999999,0.031650473000013335,32
531,9,6000,2000,6.894324215000012,0.6825507009999967,1
532,9,6000,2000,6.444537905000004,0.061264794999999594,16
533,9,6000,2000,6.133305433999993,0.03852446799999143,32
534,9,6000,2500,6.926725747000006,0.6991882050000129,1
535,9,6000,2500,6.9267960230000085,0.06491351500000064,16
536,9,6000,2500,6.917089632,0.042823292999997875,32
537,9,6000,3000,7.660730472000012,0.7758949880000046,1
538,9,6000,3000,7.398313650000006,0.0702565160000006,16
539,9,6000,3000,7.153531144999988,0.04688508700002103,32
540,10,1000,500,1.628744012999988,0.2196901949999983,1
541,10,1000,500,1.6301328910000166,0.01954966299999228,16
542,10,1000,500,1.637432079000007,0.01150912500000345,32
543,10,1000,1000,3.2637789499999883,0.43199116400001003,1
544,10,1000,1000,3.2344935639999903,0.0370245940000018,16
545,10,1000,1000,3.2728274099999908,0.02438869499999896,32
546,10,1000,1000,3.2288336170000207,0.425328463999989,1
547,10,1000,1000,3.2376882840000007,0.0358750729999997,16
548,10,1000,1000,3.2465932700000053,0.021784943000000112,32
549,10,1000,2000,6.488556197999998,0.9146337170000152,1
550,10,1000,2000,6.564713880999989,0.07727817899998968,16
551,10,1000,2000,6.5919135330000245,0.048099565999990546,32
552,10,1000,2500,8.33025828000001,1.2123842369999807,1
553,10,1000,2500,8.327232956000017,0.09472199399999681,16
554,10,1000,2500,8.362784457999993,0.05880015500000013,32
555,10,1000,3000,10.116664780999997,1.4306500090000043,1
556,10,1000,3000,10.358541825999993,0.12083866300000068,16
557,10,1000,3000,10.337448774999984,0.07233718000000522,32
558,10,3000,500,1.6449756229999934,0.22331796800000348,1
559,10,3000,500,1.6909870530000148,0.019944737999992412,16
560,10,3000,500,1.6723053309999898,0.013027753000017128,32
561,10,3000,1000,3.3773457430000065,0.4705498220000095,1
562,10,3000,1000,3.4320914810000147,0.03963757799999712,16
563,10,3000,1000,3.4076459329999977,0.025737974999998414,32
564,10,3000,1000,3.4476857420000044,0.46279519999998797,1
565,10,3000,1000,3.4181561089999946,0.04344897000001424,16
566,10,3000,1000,3.495617932999977,0.02633389700000066,32
567,10,3000,2000,7.2755846520000205,0.9953615409999941,1
568,10,3000,2000,7.368430525000008,0.08453268499999922,16
569,10,3000,2000,7.338391129999991,0.05936495299999933,32
570,10,3000,2500,9.354530100000005,1.1113417980000122,1
571,10,3000,2500,9.230115393999995,0.10016064299998106,16
572,10,3000,2500,9.219412200999983,0.06233234699999457,32
573,10,3000,3000,10.670892582999983,1.081527230000006,1
574,10,3000,3000,10.667358790000009,0.10626879900001995,16
575,10,3000,3000,10.699359568999995,0.06551419100000544,32
576,10,6000,500,1.912473943000009,0.2488143829999956,1
577,10,6000,500,1.913943458999995,0.02251804700000548,16
578,10,6000,500,1.9088624549999906,0.01497660199999018,32
579,10,6000,1000,3.824732571999988,0.501799774999995,1
580,10,6000,1000,3.7906555120000007,0.05062849200001551,16
581,10,6000,1000,3.7990525250000076,0.02973129500000482,32
582,10,6000,1000,3.836491493000011,0.5041552400000171,1
583,10,6000,1000,3.8288997049999978,0.044942890999976726,16
584,10,6000,1000,3.8069536730000095,0.03044609100001594,32
585,10,6000,2000,6.888038061000003,0.6360153070000081,1
586,10,6000,2000,6.248058819000022,0.05821661300001324,16
587,10,6000,2000,6.080709635000005,0.03534354199999257,32
588,10,6000,2500,6.927382016999985,0.6988181859999827,1
589,10,6000,2500,6.9446131900000125,0.06530844800002455,16
590,10,6000,2500,6.807932887999982,0.04301408999998557,32
591,10,6000,3000,7.773277043999997,0.779606312999988,1
592,10,6000,3000,7.504381703000007,0.07348186900000542,16
593,10,6000,3000,7.075000558999989,0.04679807499999811,32
594,11,1000,500,1.6085308270000098,0.21465960100002235,1
595,11,1000,500,1.615432032000001,0.017581169000010277,16
596,11,1000,500,1.6119244829999957,0.01133968199999913,32
597,11,1000,1000,3.257000898000001,0.43184492500000715,1
598,11,1000,1000,3.2137834069999656,0.03510680400000865,16
599,11,1000,1000,3.25101494499998,0.023344615999974394,32
600,11,1000,1000,3.2197987639999894,0.4360847089999993,1
601,11,1000,1000,3.2328441760000146,0.03669864100004361,16
602,11,1000,1000,3.2284612059999915,0.022074145999965822,32
603,11,1000,2000,6.5575167560000125,0.9158546799999954,1
604,11,1000,2000,6.5246778419999885,0.07840407100002267,16
605,11,1000,2000,6.555015556000001,0.04718556099999205,32
606,11,1000,2500,8.275480025000007,1.1758344959999931,1
607,11,1000,2500,8.345772874000005,0.0987096000000065,16
608,11,1000,2500,8.313636026000012,0.05806203100001994,32
609,11,1000,3000,10.025818397000023,1.449584673000004,1
610,11,1000,3000,10.347495199999997,0.1253991500000211,16
611,11,1000,3000,10.306777773999983,0.07404624599996623,32
612,11,3000,500,1.649225150999996,0.21229897199998504,1
613,11,3000,500,1.6451195249999842,0.02196178700000928,16
614,11,3000,500,1.6427220919999854,0.013913940000009006,32
615,11,3000,1000,3.419375946999992,0.4629425850000075,1
616,11,3000,1000,3.4382724019999955,0.04009454099997356,16
617,11,3000,1000,3.3929797189999817,0.02619296000000304,32
618,11,3000,1000,3.459321649000003,0.45891864500003976,1
619,11,3000,1000,3.421455657000024,0.041638605000002826,16
620,11,3000,1000,3.5183305230000315,0.02709132199998976,32
621,11,3000,2000,7.183114842000009,0.970698217000006,1
622,11,3000,2000,7.344117776000019,0.08970022799996968,16
623,11,3000,2000,7.302372588000026,0.054672394000021995,32
624,11,3000,2500,9.235027188999993,1.1409835559999806,1
625,11,3000,2500,9.20438629900002,0.099381803999961,16
626,11,3000,2500,9.299794641000005,0.06408140600001389,32
627,11,3000,3000,10.745486533000019,1.094915875999959,1
628,11,3000,3000,10.682939090000048,0.11005578800001103,16
629,11,3000,3000,10.640373147000048,0.07277169100001402,32
630,11,6000,500,1.8918871029999877,0.24405047000004743,1
631,11,6000,500,1.8946191160000012,0.02439464299999372,16
632,11,6000,500,1.8920263320000004,0.01688672900002075,32
633,11,6000,1000,3.7781995240000015,0.4897034389999817,1
634,11,6000,1000,3.806617262999964,0.047944561000008434,16
635,11,6000,1000,3.8224855430000275,0.03136335399995005,32
636,11,6000,1000,3.8295331649999866,0.495572554999967,1
637,11,6000,1000,3.8376844729999675,0.047588444999973945,16
638,11,6000,1000,3.8392164009999874,0.028614206999975522,32
639,11,6000,2000,6.8368017150000355,0.6109763509999766,1
640,11,6000,2000,6.32422993800003,0.05392942500003528,16
641,11,6000,2000,6.138625972,0.03570774900003926,32
642,11,6000,2500,6.948752038999999,0.6927925919999893,1
643,11,6000,2500,6.92581822599999,0.06574962199999845,16
644,11,6000,2500,6.899340482000014,0.043871002000003045,32
645,11,6000,3000,7.716367745000014,0.780349440000009,1
646,11,6000,3000,7.346767314000033,0.07139263599998458,16
647,11,6000,3000,7.201051552999957,0.04634528799999771,32
648,12,1000,500,1.6568143190000342,0.21772905799997488,1
649,12,1000,500,1.6553871990000175,0.019072624999978416,16
650,12,1000,500,1.6686314290000155,0.012055623000037485,32
651,12,1000,1000,3.3389385609999636,0.4379539749999708,1
652,12,1000,1000,3.335827456000004,0.04090267399999448,16
653,12,1000,1000,3.3699124599999664,0.025735548999989533,32
654,12,1000,1000,3.323342202000049,0.4305355950000376,1
655,12,1000,1000,3.2941694670000174,0.03629720099996803,16
656,12,1000,1000,3.324999193999986,0.022845619999998235,32
657,12,1000,2000,6.86130142799999,0.9390764149999882,1
658,12,1000,2000,6.943561248000037,0.0814103609999961,16
659,12,1000,2000,6.988221353000029,0.04737568799998826,32
660,12,1000,2500,8.685058922999985,1.227041437999958,1
661,12,1000,2500,8.820264877,0.10991521599999032,16
662,12,1000,2500,8.720216639,0.06719431800001985,32
663,12,1000,3000,10.617675630000008,1.5218147759999852,1
664,12,1000,3000,10.865150325999991,0.15467230100000506,16
665,12,1000,3000,10.990786274000016,0.07856204600000183,32
666,12,3000,500,1.701282811999988,0.22159028600003694,1
667,12,3000,500,1.7521858569999722,0.022020677000000433,16
668,12,3000,500,1.7454055009999934,0.017053185000008853,32
669,12,3000,1000,3.6838644260000137,0.488598535000051,1
670,12,3000,1000,3.707743762000007,0.04072556200003419,16
671,12,3000,1000,3.681151564000004,0.026746462000005522,32
672,12,3000,1000,3.73113865199997,0.4769779860000085,1
673,12,3000,1000,3.71639047900004,0.041191941000022325,16
674,12,3000,1000,3.7336330809999936,0.037625388999970255,32
675,12,3000,2000,7.625220326999965,1.0437657109999918,1
676,12,3000,2000,7.884692073999986,0.0851912669999706,16
677,12,3000,2000,7.839704143999995,0.06088410800003885,32
678,12,3000,2500,9.895585844999971,1.184698050999998,1
679,12,3000,2500,9.774044091000007,0.11610198699997909,16
680,12,3000,2500,9.844557650000013,0.06455738700003621,32
681,12,3000,3000,11.432369074999997,1.1947903699999642,1
682,12,3000,3000,11.33160624200002,0.11502361399999472,16
683,12,3000,3000,11.428347787999996,0.05916949999999588,32
684,12,6000,500,1.9444507439999938,0.2612002930000017,1
685,12,6000,500,1.9190339609999683,0.027196165000020756,16
686,12,6000,500,1.9362147329999857,0.01661183100003427,32
687,12,6000,1000,4.040074595000021,0.5227047600000105,1
688,12,6000,1000,4.13027332300004,0.044255184999997255,16
689,12,6000,1000,4.151986990000012,0.035841752000010274,32
690,12,6000,1000,4.152082986999972,0.5501635859999965,1
691,12,6000,1000,4.161512947999995,0.044988020000005235,16
692,12,6000,1000,4.124887415000046,0.029041361000054167,32
693,12,6000,2000,7.4147849409999935,0.6933273210000266,1
694,12,6000,2000,6.79428201799999,0.05699315000003935,16
695,12,6000,2000,6.495995170000015,0.035111835999998675,32
696,12,6000,2500,7.366776712999979,0.7334836179999797,1
697,12,6000,2500,7.379593623000005,0.07054196400002866,16
698,12,6000,2500,7.2354786220000165,0.044425195000030726,32
699,12,6000,3000,8.149134304999961,0.8112461549999921,1
700,12,6000,3000,7.866564189999963,0.07563805600000251,16
701,12,6000,3000,7.572624086000019,0.04790092799999002,32
702,13,1000,500,1.6732744560000015,0.2219307920000233,1
703,13,1000,500,1.6753947159999711,0.01822981399999435,16
704,13,1000,500,1.6915434079999727,0.012381148999963898,32
705,13,1000,1000,3.384694144999969,0.4502019590000259,1
706,13,1000,1000,3.3615795550000485,0.038938542999972015,16
707,13,1000,1000,3.3743894550000277,0.023728109999979097,32
708,13,1000,1000,3.347086146000038,0.44277513999998064,1
709,13,1000,1000,3.3520891269999993,0.03778837400000157,16
710,13,1000,1000,3.3768677820000335,0.023441757000000507,32
711,13,1000,2000,6.6476028910000196,0.9256967910000071,1
712,13,1000,2000,6.681636158000003,0.0810978300000329,16
713,13,1000,2000,6.7663946379999516,0.04980952799996885,32
714,13,1000,2500,8.468734378000022,1.2057565339999883,1
715,13,1000,2500,8.524396091000028,0.10105856699999549,16
716,13,1000,2500,8.526174214000036,0.06107129700001224,32
717,13,1000,3000,10.263158531000045,1.444409209000014,1
718,13,1000,3000,10.454973741000003,0.12108535099997653,16
719,13,1000,3000,10.473988229999975,0.07339213400001654,32
720,13,3000,500,1.7011327710000046,0.2286787119999758,1
721,13,3000,500,1.7137378959999978,0.019660746999988987,16
722,13,3000,500,1.7049161850000019,0.014334481999981108,32
723,13,3000,1000,3.464929949000009,0.4661235089999991,1
724,13,3000,1000,3.4096606040000097,0.04467880499998955,16
725,13,3000,1000,3.435300611999992,0.025528999000016483,32
726,13,3000,1000,3.4398007600000255,0.47038025200004085,1
727,13,3000,1000,3.4370719519999966,0.040916918999982954,16
728,13,3000,1000,3.5156859139999597,0.026881008999964706,32
729,13,3000,2000,7.201693476999992,0.9718418250000127,1
730,13,3000,2000,7.359273821999977,0.09074250999998412,16
731,13,3000,2000,7.468359334000013,0.05312139099999058,32
732,13,3000,2500,9.269178282999974,1.1005553609999765,1
733,13,3000,2500,9.309549009000023,0.10419425700001739,16
734,13,3000,2500,9.293608992000031,0.0668693289999851,32
735,13,3000,3000,10.799328592999984,1.0998039730000073,1
736,13,3000,3000,10.755160536000005,0.10444466900003135,16
737,13,3000,3000,10.76993888100003,0.0715663699999709,32
738,13,6000,500,1.9450258960000042,0.2511997830000041,1
739,13,6000,500,1.92701998900003,0.02456797800005006,16
740,13,6000,500,1.927693511999962,0.01345884400001296,32
741,13,6000,1000,3.8648435290000407,0.5033963679999829,1
742,13,6000,1000,3.85406849900005,0.051305005000017445,16
743,13,6000,1000,3.8879076829999804,0.032720154000003276,32
744,13,6000,1000,3.8890686080000023,0.49418235899997853,1
745,13,6000,1000,3.849525665999977,0.04402003699999568,16
746,13,6000,1000,3.8673189979999734,0.03132741999996824,32
747,13,6000,2000,6.9800395739999885,0.6587955879999754,1
748,13,6000,2000,6.405335997000009,0.06643672100000231,16
749,13,6000,2000,6.2075227089999885,0.03567839099997627,32
750,13,6000,2500,6.895535742999982,0.7170191000000159,1
751,13,6000,2500,7.008790924999971,0.06938966399997071,16
752,13,6000,2500,6.923288174000049,0.04384042200001659,32
753,13,6000,3000,7.749108396999986,0.7935834140000111,1
754,13,6000,3000,7.547681237000006,0.0745814289999771,16
755,13,6000,3000,7.163668508000001,0.048295654000014565,32
756,14,1000,500,1.6314225670000155,0.20785124299999325,1
757,14,1000,500,1.639354716000014,0.018160811000029753,16
758,14,1000,500,1.6278052079999838,0.013773518999983025,32
759,14,1000,1000,3.229757479,0.42716863300000796,1
760,14,1000,1000,3.223582204999957,0.03661907600002223,16
761,14,1000,1000,3.2709493849999944,0.02313637299999982,32
762,14,1000,1000,3.2586480070000334,0.4352270450000333,1
763,14,1000,1000,3.228884420999975,0.03824524199995949,16
764,14,1000,1000,3.2300212769999916,0.023021666999966328,32
765,14,1000,2000,6.652478009999982,0.9275355610000133,1
766,14,1000,2000,6.629259843999989,0.078524649999963,16
767,14,1000,2000,6.646709352000016,0.05085062000000562,32
768,14,1000,2500,8.327255692999984,1.2096004829999742,1
769,14,1000,2500,8.355875441000023,0.09952544599997282,16
770,14,1000,2500,8.46254239800004,0.06126726600001575,32
771,14,1000,3000,10.20159023299999,1.4468072380000194,1
772,14,1000,3000,10.401202922999971,0.12289163899998812,16
773,14,1000,3000,10.375188594999997,0.07388175400001273,32
774,14,3000,500,1.652048939999986,0.22039884399998755,1
775,14,3000,500,1.6795399690000181,0.022133320000023105,16
776,14,3000,500,1.6747381229999974,0.017837459999952898,32
777,14,3000,1000,3.4041565179999793,0.4672228640000071,1
778,14,3000,1000,3.487285217999954,0.041939401000036014,16
779,14,3000,1000,3.4280360590000214,0.031158638999954746,32
780,14,3000,1000,3.476234975000011,0.4745785249999699,1
781,14,3000,1000,3.503989763999982,0.03993875700001581,16
782,14,3000,1000,3.5467091300000106,0.02852486800003362,32
783,14,3000,2000,7.289075744999991,0.9742814009999847,1
784,14,3000,2000,7.41251551900001,0.08460826200001748,16
785,14,3000,2000,7.460682953000003,0.053093026999988524,32
786,14,3000,2500,9.40985004700002,1.1160666700000093,1
787,14,3000,2500,9.298301039000023,0.0973772909999866,16
788,14,3000,2500,9.28146562500001,0.0631595270000389,32
789,14,3000,3000,10.818674262000002,1.1517540180000196,1
790,14,3000,3000,10.839917583999977,0.09293062200003988,16
791,14,3000,3000,10.722901967000041,0.07189740699999447,32
792,14,6000,500,1.908794553000007,0.2467258859999788,1
793,14,6000,500,1.9227819280000062,0.023332765000020572,16
794,14,6000,500,1.8886453960000154,0.016421963000027517,32
795,14,6000,1000,3.7907483710000065,0.5040480979999984,1
796,14,6000,1000,3.81549247800001,0.04824094299999615,16
797,14,6000,1000,3.822599344000025,0.03741178600000694,32
798,14,6000,1000,3.833396972999992,0.5100592729999676,1
799,14,6000,1000,3.877832811000019,0.05003285700001925,16
800,14,6000,1000,3.8578560899999843,0.030325657999981104,32
801,14,6000,2000,6.886979963000044,0.6383179910000081,1
802,14,6000,2000,6.507491307000009,0.052962127999990116,16
803,14,6000,2000,6.147305883000001,0.03505919199994878,32
804,14,6000,2500,7.047094750000042,0.7122982660000048,1
805,14,6000,2500,7.002147126000011,0.06742836699999089,16
806,14,6000,2500,6.934259939000015,0.042867975999968166,32
807,14,6000,3000,7.958246007000014,0.7811021349999692,1
808,14,6000,3000,7.497362599999974,0.0736990080000055,16
809,14,6000,3000,7.270830191000016,0.04728150400001141,32
810,15,1000,500,1.6142575289999854,0.20982290099999545,1
811,15,1000,500,1.6156155489999833,0.018834857000001648,16
812,15,1000,500,1.621843470999977,0.011540867000007893,32
813,15,1000,1000,3.2834495799999672,0.4369597580000004,1
814,15,1000,1000,3.2719001410000033,0.03927991400001929,16
815,15,1000,1000,3.2680683400000134,0.022948342000006505,32
816,15,1000,1000,3.2386438680000538,0.43546675999999707,1
817,15,1000,1000,3.247556320000001,0.037709042999949816,16
818,15,1000,1000,3.2501005980000173,0.02588251100002026,32
819,15,1000,2000,6.548332292999987,0.9247886459999677,1
820,15,1000,2000,6.653761059999965,0.07448431999995364,16
821,15,1000,2000,6.583315706999997,0.04803940099998272,32
822,15,1000,2500,8.385422247999998,1.206417982000005,1
823,15,1000,2500,8.356750320999993,0.09670031499996412,16
824,15,1000,2500,8.40546077600004,0.06356727099995396,32
825,15,1000,3000,10.238070574000005,1.4316444189999515,1
826,15,1000,3000,10.401813376999996,0.11948239800000238,16
827,15,1000,3000,10.38192258500004,0.07477750600003219,32
828,15,3000,500,1.656319013999962,0.2179892450000125,1
829,15,3000,500,1.6886970639999959,0.021934987999998157,16
830,15,3000,500,1.6815435899999898,0.014388173000043025,32
831,15,3000,1000,3.4348355750000223,0.4791159549999975,1
832,15,3000,1000,3.4281405279999717,0.042126619999976356,16
833,15,3000,1000,3.4589531070000135,0.026488045999997212,32
834,15,3000,1000,3.457317219999993,0.4705962980000322,1
835,15,3000,1000,3.488894608999999,0.03831768599997076,16
836,15,3000,1000,3.552219374999993,0.026047152999979062,32
837,15,3000,2000,7.286704028000031,0.9538880850000169,1
838,15,3000,2000,7.338710493000008,0.08267220900000893,16
839,15,3000,2000,7.390115481999999,0.05271472099997254,32
840,15,3000,2500,9.308907215000033,1.115759173000015,1
841,15,3000,2500,9.304505358999961,0.09917321500000753,16
842,15,3000,2500,9.268763160999981,0.06656866899999159,32
843,15,3000,3000,10.75982237400001,1.0123008589999927,1
844,15,3000,3000,10.554089247999968,0.10080755900003169,16
845,15,3000,3000,10.687090775000001,0.065001097999982,32
846,15,6000,500,1.9056012970000324,0.2412621349999995,1
847,15,6000,500,1.9192421930000023,0.022652967999988505,16
848,15,6000,500,1.9141840030000026,0.015298798000003444,32
849,15,6000,1000,3.8112801610000133,0.4947456430000443,1
850,15,6000,1000,3.8494397599999957,0.04753788400000758,16
851,15,6000,1000,3.8218165760000034,0.029770416000019395,32
852,15,6000,1000,3.827147864999972,0.4915497180000443,1
853,15,6000,1000,3.8041339470000253,0.04621200300005057,16
854,15,6000,1000,3.8161714010000196,0.029964571999983036,32
855,15,6000,2000,6.936379269000042,0.6302162220000014,1
856,15,6000,2000,6.360122650999983,0.05678164199997582,16
857,15,6000,2000,6.049184830999991,0.03534394100000782,32
858,15,6000,2500,6.967909209000027,0.6954228099999682,1
859,15,6000,2500,6.994590286999994,0.06976458499997307,16
860,15,6000,2500,6.860242560000017,0.04402954900001532,32
861,15,6000,3000,7.538749074000009,0.8083004590000087,1
862,15,6000,3000,7.3441675189999955,0.0779894679999984,16
863,15,6000,3000,7.171295656999973,0.047758592999969096,32
864,16,1000,500,1.622848533000024,0.21422620300000972,1
865,16,1000,500,1.6426950530000113,0.01819813399998793,16
866,16,1000,500,1.6316058279999766,0.011306531999991876,32
867,16,1000,1000,3.2616379499999653,0.4359648510000511,1
868,16,1000,1000,3.2409106100000145,0.03304443500002208,16
869,16,1000,1000,3.2283959000000095,0.023624619999964125,32
870,16,1000,1000,3.27339364300002,0.43160950600002934,1
871,16,1000,1000,3.2455567769999902,0.03643728299999793,16
872,16,1000,1000,3.2373429579999993,0.022838907999982894,32
873,16,1000,2000,6.690742643000021,0.9309540020000213,1
874,16,1000,2000,6.672306828999979,0.07346822499999917,16
875,16,1000,2000,6.744374040000025,0.04863221400000839,32
876,16,1000,2500,8.417042081000034,1.1821679500000073,1
877,16,1000,2500,8.484110375,0.0963113059999614,16
878,16,1000,2500,8.51583529100003,0.0633310990000382,32
879,16,1000,3000,10.256578502000025,1.452586545000031,1
880,16,1000,3000,10.503770654999983,0.11946273500001325,16
881,16,1000,3000,10.538574543999971,0.0801904909999962,32
882,16,3000,500,1.6451853459999484,0.21945474799997555,1
883,16,3000,500,1.701308406999999,0.02147378199998684,16
884,16,3000,500,1.696880195999995,0.0128570670000272,32
885,16,3000,1000,3.4782563950000167,0.46621044299996584,1
886,16,3000,1000,3.4804454119999946,0.039817391999974916,16
887,16,3000,1000,3.558737296000004,0.030219866999971146,32
888,16,3000,1000,3.5166017949999855,0.4935642680000001,1
889,16,3000,1000,3.483955970000011,0.040776797999967584,16
890,16,3000,1000,3.5951241600000117,0.03146053699998674,32
891,16,3000,2000,7.317261772999984,0.9792369680000093,1
892,16,3000,2000,7.464550717999998,0.08604874499997095,16
893,16,3000,2000,7.521006989999989,0.048619599000005564,32
894,16,3000,2500,9.395225109999956,1.1192753859999698,1
895,16,3000,2500,9.294976068999972,0.10438051300002371,16
896,16,3000,2500,9.358857539999974,0.06783815500000401,32
897,16,3000,3000,10.931296085000042,1.1517702919999806,1
898,16,3000,3000,10.84601685399997,0.11102658300001167,16
899,16,3000,3000,10.908687923000002,0.06240103099997896,32
900,16,6000,500,1.8955211410000175,0.2466202859999953,1
901,16,6000,500,1.913317591000009,0.025070247000030577,16
902,16,6000,500,1.9046209580000095,0.016251492999970196,32
903,16,6000,1000,3.804327680999961,0.49335284,1
904,16,6000,1000,3.896575611000003,0.04514731199998323,16
905,16,6000,1000,3.846359855000003,0.04119029999998247,32
906,16,6000,1000,3.8132646539999655,0.4905296700000008,1
907,16,6000,1000,3.8957668289999674,0.04361523099998976,16
908,16,6000,1000,3.940033889999995,0.031267718999970384,32
909,16,6000,2000,6.9905609410000125,0.7182763879999925,1
910,16,6000,2000,6.584069053999997,0.06088971899998796,16
911,16,6000,2000,6.113417865999963,0.034436200000016015,32
912,16,6000,2500,7.100906516000009,0.7196920509999813,1
913,16,6000,2500,7.06440510799996,0.06976245699996753,16
914,16,6000,2500,7.0351039889999925,0.04274647000005416,32
915,16,6000,3000,7.971156099000041,0.797472311999968,1
916,16,6000,3000,7.591728913999987,0.07659097999999176,16
917,16,6000,3000,7.171904656000038,0.0490855799999963,32
918,17,1000,500,1.6326607500000136,0.21045903300000646,1
919,17,1000,500,1.621162480999999,0.018060633999994025,16
920,17,1000,500,1.6130276629999685,0.011920802000020103,32
921,17,1000,1000,3.270218403000001,0.4240719989999775,1
922,17,1000,1000,3.2724568609999665,0.03559284499999649,16
923,17,1000,1000,3.2908532920000084,0.02246905199996263,32
924,17,1000,1000,3.2881596020000075,0.42792124999999714,1
925,17,1000,1000,3.2700240789999953,0.03435912800000551,16
926,17,1000,1000,3.2891420400000015,0.022663781000005656,32
927,17,1000,2000,6.612836517000005,0.9059768340000005,1
928,17,1000,2000,6.703947374999984,0.07763130999995838,16
929,17,1000,2000,6.674062086999982,0.049318627999980436,32
930,17,1000,2500,8.456107262999979,1.1899889949999647,1
931,17,1000,2500,8.448627268999985,0.09788831999998138,16
932,17,1000,2500,8.418284416000006,0.06346230199994807,32
933,17,1000,3000,10.265810914000042,1.4389792180000427,1
934,17,1000,3000,10.39885074099999,0.12535661999999093,16
935,17,1000,3000,10.37025806600002,0.07794000600000572,32
936,17,3000,500,1.6748028850000196,0.21928216899999597,1
937,17,3000,500,1.698763864,0.020387221000021327,16
938,17,3000,500,1.7012853210000003,0.012584630000048946,32
939,17,3000,1000,3.4961673199999836,0.46347673099995745,1
940,17,3000,1000,3.4730440929999986,0.04310751299999538,16
941,17,3000,1000,3.481044570999984,0.026765131999979985,32
942,17,3000,1000,3.4725132689999896,0.4738059679999651,1
943,17,3000,1000,3.499660819999974,0.03775546900004656,16
944,17,3000,1000,3.593066178000015,0.02674201700000367,32
945,17,3000,2000,7.3077722819999735,0.9835653540000067,1
946,17,3000,2000,7.394642906999991,0.08709840400001667,16
947,17,3000,2000,7.433306958000003,0.054068806999964636,32
948,17,3000,2500,9.35875000599998,1.0925236560000258,1
949,17,3000,2500,9.304470267999989,0.09502850699999499,16
950,17,3000,2500,9.344858267000006,0.06125001500004146,32
951,17,3000,3000,10.652824660000022,1.0393862409999883,1
952,17,3000,3000,10.619769304999977,0.10864042800000107,16
953,17,3000,3000,10.756083563999994,0.06698485500004381,32
954,17,6000,500,1.8947878199999764,0.24896626199995353,1
955,17,6000,500,1.8950454420000256,0.022228522000034445,16
956,17,6000,500,1.8739028389999817,0.01486168799999632,32
957,17,6000,1000,3.811517304000006,0.510655149999991,1
958,17,6000,1000,3.828457173000004,0.049865077000049496,16
959,17,6000,1000,3.836879662000001,0.02662679700000581,32
960,17,6000,1000,3.7956752709999932,0.5006095680000158,1
961,17,6000,1000,3.833465639000053,0.045336135000013655,16
962,17,6000,1000,3.794329403000006,0.029158114999972895,32
963,17,6000,2000,6.894595557000002,0.697638798000014,1
964,17,6000,2000,6.219635718000006,0.06773023099998454,16
965,17,6000,2000,6.105536885999982,0.035567856999989544,32
966,17,6000,2500,7.034886218999986,0.707421973999999,1
967,17,6000,2500,7.018684273000019,0.07323759899998095,16
968,17,6000,2500,6.947738422999976,0.04739938099999108,32
969,17,6000,3000,7.7285898039999665,0.7888749839999605,1
970,17,6000,3000,7.500379849000012,0.07532559799994942,16
971,17,6000,3000,7.3332931300000155,0.046851566000043476,32
972,18,1000,500,1.6072210250000012,0.2216740789999676,1
973,18,1000,500,1.6152762430000394,0.018508126999961405,16
974,18,1000,500,1.6391043610000224,0.00976325299996006,32
975,18,1000,1000,3.250257997999995,0.44253219699999136,1
976,18,1000,1000,3.2185811310000076,0.03573165400001699,16
977,18,1000,1000,3.269887847000007,0.026092834999985826,32
978,18,1000,1000,3.2324855999999613,0.43972911199995224,1
979,18,1000,1000,3.2538108760000455,0.04135060999999496,16
980,18,1000,1000,3.2315636560000485,0.023328515999992305,32
981,18,1000,2000,6.650774752000018,0.9376971469999944,1
982,18,1000,2000,6.66877950099996,0.07613950199998953,16
983,18,1000,2000,6.631743776999997,0.04776082799997994,32
984,18,1000,2500,8.405399441000043,1.1911851429999842,1
985,18,1000,2500,8.464663604999998,0.1022068760000252,16
986,18,1000,2500,8.434248389000004,0.061772792999988724,32
987,18,1000,3000,10.175727970000025,1.4358750920000034,1
988,18,1000,3000,10.470851251999989,0.1183763149999777,16
989,18,1000,3000,10.53578869200004,0.07574080899996716,32
990,18,3000,500,1.6463667719999648,0.2186297070000478,1
991,18,3000,500,1.6966749420000156,0.02019056599999658,16
992,18,3000,500,1.6936260009999842,0.013224681999986387,32
993,18,3000,1000,3.4709418479999954,0.4641958610000074,1
994,18,3000,1000,3.4885658100000114,0.04002199800004291,16
995,18,3000,1000,3.493587634999983,0.029655427000022883,32
996,18,3000,1000,3.470834578999984,0.49083227799997076,1
997,18,3000,1000,3.4391666680000412,0.04417408899996644,16
998,18,3000,1000,3.565700245999949,0.023665848000007372,32
999,18,3000,2000,7.232688144000008,0.9611845829999766,1
1000,18,3000,2000,7.373755862999985,0.08511237500005109,16
1001,18,3000,2000,7.449404558000026,0.055187957999976334,32
1002,18,3000,2500,9.336192764000032,1.1126409139999964,1
1003,18,3000,2500,9.219104284999958,0.10450011099999301,16
1004,18,3000,2500,9.306173098999977,0.062063222000006135,32
1005,18,3000,3000,10.642225917000019,1.1161879520000184,1
1006,18,3000,3000,10.78268539100003,0.11693856600004437,16
1007,18,3000,3000,10.752398375999974,0.06984923300001356,32
1008,18,6000,500,1.89633582700003,0.23206293700002334,1
1009,18,6000,500,1.8901154659999975,0.02234402700003102,16
1010,18,6000,500,1.8705069690000187,0.015049470000008114,32
1011,18,6000,1000,3.807812639999952,0.4851842369999986,1
1012,18,6000,1000,3.807225967000022,0.04503564000003735,16
1013,18,6000,1000,3.8310339450000015,0.029805204000012964,32
1014,18,6000,1000,3.794274790999964,0.5003204539999615,1
1015,18,6000,1000,3.8288061679999714,0.04498626899999181,16
1016,18,6000,1000,3.8272754340000006,0.03058078200001546,32
1017,18,6000,2000,6.831877656000017,0.5972726040000111,1
1018,18,6000,2000,6.3619040609999615,0.05994724100003168,16
1019,18,6000,2000,6.03607550800001,0.03664394899999479,32
1020,18,6000,2500,6.908490712999992,0.7038294959999689,1
1021,18,6000,2500,6.886927813,0.06603457300002447,16
1022,18,6000,2500,6.809428844999957,0.043585881000012705,32
1023,18,6000,3000,7.592736889999969,0.8068326160000083,1
1024,18,6000,3000,7.510466462000011,0.07352681399999028,16
1025,18,6000,3000,7.053889459000004,0.047188515000016196,32
1026,19,1000,500,1.587662636999994,0.21462611999999126,1
1027,19,1000,500,1.6115654760000098,0.018471558000044297,16
1028,19,1000,500,1.6198826170000302,0.01132876999997734,32
1029,19,1000,1000,3.246040756999946,0.4291625689999705,1
1030,19,1000,1000,3.265774448000002,0.03578018600001087,16
1031,19,1000,1000,3.259669840000015,0.023072182000021257,32
1032,19,1000,1000,3.2522902129999807,0.43834200500003817,1
1033,19,1000,1000,3.2070216979999486,0.035493486000007124,16
1034,19,1000,1000,3.2656556679999653,0.023128964000022734,32
1035,19,1000,2000,6.635953411000003,0.9432759659999874,1
1036,19,1000,2000,6.6646952070000225,0.0778908129999536,16
1037,19,1000,2000,6.612030217999973,0.048629362999975,32
1038,19,1000,2500,8.375865468000029,1.1894258719999584,1
1039,19,1000,2500,8.483027872000036,0.09746912100001737,16
1040,19,1000,2500,8.390743710000038,0.061101344000007884,32
1041,19,1000,3000,10.239337970999998,1.448051534000001,1
1042,19,1000,3000,10.395761628000002,0.12072159799998872,16
1043,19,1000,3000,10.501958650000006,0.0779643920000126,32
1044,19,3000,500,1.6332337580000171,0.21897577400000046,1
1045,19,3000,500,1.7151993330000437,0.019604787000048418,16
1046,19,3000,500,1.719453895000015,0.014130986999987272,32
1047,19,3000,1000,3.498001189999968,0.4867054740000185,1
1048,19,3000,1000,3.4916235599999936,0.04166534900002716,16
1049,19,3000,1000,3.5032384940000156,0.027442159000031552,32
1050,19,3000,1000,3.5282087429999933,0.48560275400001274,1
1051,19,3000,1000,3.4909339250000357,0.042231511000011324,16
1052,19,3000,1000,3.556756620999977,0.027140236000036566,32
1053,19,3000,2000,7.2763548000000355,0.9835210069999789,1
1054,19,3000,2000,7.3731916820000265,0.08570403999999598,16
1055,19,3000,2000,7.436263263000001,0.04783298999996077,32
1056,19,3000,2500,9.276290689999996,1.1117691879999825,1
1057,19,3000,2500,9.19049130000002,0.10301586499997484,16
1058,19,3000,2500,9.268356623000045,0.06485247500000924,32
1059,19,3000,3000,10.846441077999998,1.1101060990000065,1
1060,19,3000,3000,10.721384962999991,0.08340853800001469,16
1061,19,3000,3000,10.679764969000018,0.05903775699999869,32
1062,19,6000,500,1.883063271000026,0.23658970299999282,1
1063,19,6000,500,1.9032166340000458,0.022616497000001345,16
1064,19,6000,500,1.8578257129999542,0.01864695000000438,32
1065,19,6000,1000,3.787479459999986,0.48889557600000444,1
1066,19,6000,1000,3.7869697369999926,0.046915017000003445,16
1067,19,6000,1000,3.813067520000004,0.033769536000022526,32
1068,19,6000,1000,3.801031349000027,0.5042858189999606,1
1069,19,6000,1000,3.808588221999969,0.04582342300000164,16
1070,19,6000,1000,3.842993103000026,0.0298594110000181,32
1071,19,6000,2000,6.9943468929999995,0.6956342640000344,1
1072,19,6000,2000,6.51021603800001,0.05418624899999713,16
1073,19,6000,2000,6.218389910999974,0.03485157700004038,32
1074,19,6000,2500,6.9165333340000075,0.7018897169999718,1
1075,19,6000,2500,6.9158729600000015,0.06662553500001422,16
1076,19,6000,2500,6.7629893640000205,0.043596134999972946,32
1077,19,6000,3000,7.813255997999988,0.8023399830000244,1
1078,19,6000,3000,7.37273223599999,0.07560024599996495,16
1079,19,6000,3000,7.083422606999989,0.04963809800000263,32
1080,20,1000,500,1.6174255930000072,0.22213539100005164,1
1081,20,1000,500,1.6259992160000252,0.018161793999979636,16
1082,20,1000,500,1.6313169470000162,0.01129989199995407,32
1083,20,1000,1000,3.258649614000035,0.4178179459999569,1
1084,20,1000,1000,3.241407842000001,0.03796821899999259,16
1085,20,1000,1000,3.276479133999999,0.023184221000008165,32
1086,20,1000,1000,3.2909884279999915,0.42775865000004387,1
1087,20,1000,1000,3.244496365000032,0.035913676000006944,16
1088,20,1000,1000,3.2817670900000167,0.02316377699997929,32
1089,20,1000,2000,6.627456983999991,0.9339263850000066,1
1090,20,1000,2000,6.610252145000004,0.07785848899999337,16
1091,20,1000,2000,6.647759049999991,0.047036998000010044,32
1092,20,1000,2500,8.385543009000003,1.2097267309999893,1
1093,20,1000,2500,8.452522089000013,0.09833185100001174,16
1094,20,1000,2500,8.417880604999993,0.06949232399995253,32
1095,20,1000,3000,10.32107429599995,1.4480808540000112,1
1096,20,1000,3000,10.515435610999987,0.11883357499999647,16
1097,20,1000,3000,10.463009312999986,0.07657791100001532,32
1098,20,3000,500,1.630948351000029,0.21548265399997035,1
1099,20,3000,500,1.6769489600000043,0.021303584999998293,16
1100,20,3000,500,1.7181231829999888,0.012796036999986882,32
1101,20,3000,1000,3.445879961000003,0.4728716760000111,1
1102,20,3000,1000,3.4693950010000094,0.042822410999974636,16
1103,20,3000,1000,3.494448174000013,0.025889343999949688,32
1104,20,3000,1000,3.452408778000006,0.4554039459999899,1
1105,20,3000,1000,3.5196767219999856,0.03937058899998647,16
1106,20,3000,1000,3.5869025119999947,0.02530393600000025,32
1107,20,3000,2000,7.33505631700001,0.9705768800000101,1
1108,20,3000,2000,7.406351345000019,0.08375729199997295,16
1109,20,3000,2000,7.5013728899999705,0.05376063800002839,32
1110,20,3000,2500,9.349489151,1.0980432579999615,1
1111,20,3000,2500,9.294639288999974,0.09832528699996601,16
1112,20,3000,2500,9.279680035000013,0.06204694699999891,32
1113,20,3000,3000,10.816029556999979,1.1298355480000168,1
1114,20,3000,3000,10.661346225999978,0.1155849169999783,16
1115,20,3000,3000,10.659361201000024,0.07227347000002737,32
1116,20,6000,500,1.921103598000002,0.24770361699995647,1
1117,20,6000,500,1.9102644929999997,0.023113408999961393,16
1118,20,6000,500,1.9148782529999835,0.01637627299999167,32
1119,20,6000,1000,3.7890580839999757,0.4866607150000277,1
1120,20,6000,1000,3.810201251999956,0.04657726700003195,16
1121,20,6000,1000,3.7995896229999744,0.03250957600005222,32
1122,20,6000,1000,3.780867495999985,0.5011895869999989,1
1123,20,6000,1000,3.7980584029999704,0.04705863000003774,16
1124,20,6000,1000,3.8202105800000368,0.03021885199996177,32
1125,20,6000,2000,6.783242017999953,0.6916981929999793,1
1126,20,6000,2000,6.466272822000008,0.055987752000021374,16
1127,20,6000,2000,5.9872580309999535,0.035204716999999164,32
1128,20,6000,2500,6.744136905000005,0.70312631500002,1
1129,20,6000,2500,6.98782548500003,0.06511357400000861,16
1130,20,6000,2500,6.771405974999993,0.04398458800000071,32
1131,20,6000,3000,7.651612615999966,0.8015730619999886,1
1132,20,6000,3000,7.353525999999988,0.07646699399998624,16
1133,20,6000,3000,7.177831674000004,0.04702336899998727,32
1134,21,1000,500,1.6195276789999866,0.22270406500001627,1
1135,21,1000,500,1.6329392860000098,0.01867156499997691,16
1136,21,1000,500,1.636215580000055,0.0113991750000082,32
1137,21,1000,1000,3.285784602000035,0.4364974750000101,1
1138,21,1000,1000,3.252941911999983,0.03701250300002812,16
1139,21,1000,1000,3.25299322799998,0.025812474000019847,32
1140,21,1000,1000,3.282669682000005,0.44595974800000704,1
1141,21,1000,1000,3.2567305560000364,0.03588409500002854,16
1142,21,1000,1000,3.2532706530000155,0.024616168000022753,32
1143,21,1000,2000,6.650340044000018,0.9421479460000342,1
1144,21,1000,2000,6.682988179000006,0.07899544700001115,16
1145,21,1000,2000,6.7424194339999985,0.05700257699999156,32
1146,21,1000,2500,8.480878436000012,1.1875532349999958,1
1147,21,1000,2500,8.581737815999986,0.0996817220000139,16
1148,21,1000,2500,8.612319365999952,0.061055930000009084,32
1149,21,1000,3000,10.351287436000007,1.4356539469999916,1
1150,21,1000,3000,10.621585132999996,0.12352151899995079,16
1151,21,1000,3000,10.65367506199999,0.07919000599997617,32
1152,21,3000,500,1.6574317730000416,0.2218347319999907,1
1153,21,3000,500,1.730622622999988,0.021102202000008674,16
1154,21,3000,500,1.7131648270000142,0.013905426999997417,32
1155,21,3000,1000,3.5114495610000063,0.47713819900002363,1
1156,21,3000,1000,3.503918865000003,0.03669739700001173,16
1157,21,3000,1000,3.5441672320000066,0.02742562500003487,32
1158,21,3000,1000,3.538084733000005,0.4778144169999905,1
1159,21,3000,1000,3.5240284160000215,0.04350090199994838,16
1160,21,3000,1000,3.725544668999987,0.027053967999961515,32
1161,21,3000,2000,7.41672213999999,0.9842867749999868,1
1162,21,3000,2000,7.520572769000012,0.08415021399997613,16
1163,21,3000,2000,7.569875269000022,0.053380088000039905,32
1164,21,3000,2500,9.399539725000011,1.0951308220000442,1
1165,21,3000,2500,9.358316312999989,0.10399674600000708,16
1166,21,3000,2500,9.383513926000035,0.06640708300000142,32
1167,21,3000,3000,10.829273148000027,1.0132338479999703,1
1168,21,3000,3000,10.746638763000021,0.07533685200002083,16
1169,21,3000,3000,10.797219342000005,0.05834847599999193,32
1170,21,6000,500,1.9005864149999638,0.2484244720000106,1
1171,21,6000,500,1.886541558000033,0.022394842999972298,16
1172,21,6000,500,1.8850605220000034,0.015584430999979304,32
1173,21,6000,1000,3.785837600000036,0.48825830500004486,1
1174,21,6000,1000,3.8056602519999956,0.04553513100000828,16
1175,21,6000,1000,3.766876780999951,0.03438707700001942,32
1176,21,6000,1000,3.817700988000013,0.501036154000019,1
1177,21,6000,1000,3.80945256800004,0.04663351800002147,16
1178,21,6000,1000,3.8781424940000306,0.02893430400001762,32
1179,21,6000,2000,6.891363377999994,0.6463904550000166,1
1180,21,6000,2000,6.340693213000009,0.052969028999996226,16
1181,21,6000,2000,5.9926898549999805,0.035927470000046924,32
1182,21,6000,2500,6.850906537000014,0.7078961729999946,1
1183,21,6000,2500,6.886338673000012,0.06701234500002329,16
1184,21,6000,2500,6.790941099000008,0.0442770330000144,32
1185,21,6000,3000,7.659681278999983,0.8046687199999951,1
1186,21,6000,3000,7.538748020000014,0.07197595600001705,16
1187,21,6000,3000,7.228328857999998,0.048887376000038785,32
1188,22,1000,500,1.6210727310000266,0.21077142299998286,1
1189,22,1000,500,1.605206848000023,0.017688085999907344,16
1190,22,1000,500,1.6066701150000426,0.011849584999936269,32
1191,22,1000,1000,3.2365546450000124,0.4433239270000513,1
1192,22,1000,1000,3.204109088999928,0.03625851300000704,16
1193,22,1000,1000,3.257295483000064,0.02423593499997878,32
1194,22,1000,1000,3.2311775190000276,0.4426902449999943,1
1195,22,1000,1000,3.2433662390000677,0.03689362099999016,16
1196,22,1000,1000,3.2327966950000473,0.02248197500000515,32
1197,22,1000,2000,6.631852554999966,0.9398277190000499,1
1198,22,1000,2000,6.684614270000054,0.07680268100000376,16
1199,22,1000,2000,6.690440767999974,0.04755027600003814,32
1200,22,1000,2500,8.443944057999943,1.202870823000012,1
1201,22,1000,2500,8.503694423000013,0.09859861600000386,16
1202,22,1000,2500,8.428345959000069,0.06715142099994864,32
1203,22,1000,3000,10.156616490999966,1.4322169499999973,1
1204,22,1000,3000,10.525247120000017,0.12002033599992501,16
1205,22,1000,3000,10.458486771000025,0.07321286699993834,32
1206,22,3000,500,1.6706335840000293,0.2215007349999496,1
1207,22,3000,500,1.7190010069999744,0.020885117999910108,16
1208,22,3000,500,1.724329818000001,0.01424943400002121,32
1209,22,3000,1000,3.4632921169999236,0.4753430629999684,1
1210,22,3000,1000,3.5127368640000896,0.04110871400007454,16
1211,22,3000,1000,3.5032352270000047,0.027208005000034063,32
1212,22,3000,1000,3.5262345910000477,0.49374644499994247,1
1213,22,3000,1000,3.5531403340000907,0.04521316500006378,16
1214,22,3000,1000,3.59124542699999,0.028423135000025468,32
1215,22,3000,2000,7.31586130300002,0.9870137549999072,1
1216,22,3000,2000,7.432029293000028,0.08526766300008148,16
1217,22,3000,2000,7.431327624999994,0.05266660099994169,32
1218,22,3000,2500,9.355834138999967,1.1054127820000303,1
1219,22,3000,2500,9.285884930000066,0.10431654800004253,16
1220,22,3000,2500,9.298856915999977,0.06498372999999447,32
1221,22,3000,3000,10.751263714999936,1.076330940000048,1
1222,22,3000,3000,10.721435116999942,0.11198339200007013,16
1223,22,3000,3000,10.597564352000063,0.06749040600004719,32
1224,22,6000,500,1.9025343679999196,0.2453562639999518,1
1225,22,6000,500,1.9190748150000445,0.022105935000013233,16
1226,22,6000,500,1.9122672910000347,0.01548826900000222,32
1227,22,6000,1000,3.8547189140000455,0.4920970690000104,1
1228,22,6000,1000,3.8280856860000085,0.04950659599990104,16
1229,22,6000,1000,3.7817680769999242,0.042133408999916355,32
1230,22,6000,1000,3.8078103759999067,0.4876467970000249,1
1231,22,6000,1000,3.782399793999957,0.047256817000061346,16
1232,22,6000,1000,3.8513372669999626,0.028888338999990992,32
1233,22,6000,2000,6.802270915999998,0.683622946000014,1
1234,22,6000,2000,6.341800983999974,0.053987416999916604,16
1235,22,6000,2000,6.0140720100000635,0.03596929499997259,32
1236,22,6000,2500,6.787741718999996,0.7140446710000106,1
1237,22,6000,2500,6.912604302999966,0.06603669300000092,16
1238,22,6000,2500,6.715210719000083,0.044324545999984366,32
1239,22,6000,3000,7.851330239000049,0.7857562309999366,1
1240,22,6000,3000,7.342482020000034,0.07559156299998904,16
1241,22,6000,3000,7.260599255999978,0.05151817499995559,32
1242,23,1000,500,1.6915065609999829,0.21448858099995505,1
1243,23,1000,500,1.6996992780000255,0.01909504399998241,16
1244,23,1000,500,1.6730220209999516,0.011828057000002445,32
1245,23,1000,1000,3.333380176999981,0.4354908400000568,1
1246,23,1000,1000,3.273889281000038,0.03559588499990696,16
1247,23,1000,1000,3.268060916999957,0.023285195999960706,32
1248,23,1000,1000,3.2841143330000477,0.42584458999999697,1
1249,23,1000,1000,3.3129901899999368,0.03630150100002538,16
1250,23,1000,1000,3.3155650259999447,0.026118680999957178,32
1251,23,1000,2000,6.659482296999954,0.9338686209999878,1
1252,23,1000,2000,6.676482730999965,0.0763523669999131,16
1253,23,1000,2000,6.716389968000044,0.04851121800004421,32
1254,23,1000,2500,8.408384339000008,1.2081698740000775,1
1255,23,1000,2500,8.43656553300002,0.09388391299989962,16
1256,23,1000,2500,8.474869027999944,0.06748434100006762,32
1257,23,1000,3000,10.299360621999995,1.443730440999957,1
1258,23,1000,3000,10.323377480999966,0.12490198800003327,16
1259,23,1000,3000,10.46161966000011,0.07485172000008333,32
1260,23,3000,500,1.6444345740000017,0.21479345000000194,1
1261,23,3000,500,1.659578392999947,0.020084829999973408,16
1262,23,3000,500,1.6809349010000005,0.014143369999942479,32
1263,23,3000,1000,3.4375389350000205,0.4645646899999747,1
1264,23,3000,1000,3.4465668269999696,0.04290287799994985,16
1265,23,3000,1000,3.4700951269999223,0.02720821800005524,32
1266,23,3000,1000,3.495820050999896,0.47938095599999997,1
1267,23,3000,1000,3.464695276999919,0.04124501399996916,16
1268,23,3000,1000,3.564769513999977,0.027749061999998048,32
1269,23,3000,2000,7.315171863000046,0.9626999839999826,1
1270,23,3000,2000,7.395786677999922,0.08111577400006809,16
1271,23,3000,2000,7.459796458000028,0.0542080249999799,32
1272,23,3000,2500,9.376148080999997,1.1319910419999815,1
1273,23,3000,2500,9.339587843000004,0.10188830100003088,16
1274,23,3000,2500,9.30166496000004,0.0672061020000001,32
1275,23,3000,3000,10.805526157000031,1.0419830130000491,1
1276,23,3000,3000,10.692962643999977,0.09076781100009157,16
1277,23,3000,3000,10.659153359000015,0.07350291900002048,32
1278,23,6000,500,1.8860509119999733,0.2531044469999415,1
1279,23,6000,500,1.9085120890000553,0.022509969999987334,16
1280,23,6000,500,1.8824713510000493,0.018455796000012015,32
1281,23,6000,1000,3.7572233969999616,0.498737363000032,1
1282,23,6000,1000,3.7680793880000465,0.04365075199996227,16
1283,23,6000,1000,3.7987174830000185,0.029964437999979054,32
1284,23,6000,1000,3.8043850679999878,0.4861281109999709,1
1285,23,6000,1000,3.8107491039999104,0.044988724000063485,16
1286,23,6000,1000,3.8440362520000235,0.030251001000010547,32
1287,23,6000,2000,6.930291301000011,0.63036630900001,1
1288,23,6000,2000,6.376598753999929,0.06230264100008753,16
1289,23,6000,2000,5.956073701000037,0.036856035999903725,32
1290,23,6000,2500,7.004185258000007,0.7029606289999037,1
1291,23,6000,2500,6.801141891999919,0.06672948400000678,16
1292,23,6000,2500,6.734881830999939,0.043405923000022995,32
1293,23,6000,3000,7.658068288000095,0.8061846429999378,1
1294,23,6000,3000,7.4673325150000665,0.07548464300009528,16
1295,23,6000,3000,7.217971902000045,0.04813921999993909,32
1296,24,1000,500,1.6232186779999438,0.2141689539998879,1
1297,24,1000,500,1.6227690289999828,0.018488390000015897,16
1298,24,1000,500,1.623567998999988,0.011683887999993203,32
1299,24,1000,1000,3.2417522680000275,0.4458250440000029,1
1300,24,1000,1000,3.2551236970000446,0.03880040499996085,16
1301,24,1000,1000,3.267418637999981,0.022842551999929128,32
1302,24,1000,1000,3.2356080590000147,0.4406982490000928,1
1303,24,1000,1000,3.239925468000024,0.0364211679999471,16
1304,24,1000,1000,3.236902191000013,0.0232813930000475,32
1305,24,1000,2000,6.657954634000021,0.9687370350000037,1
1306,24,1000,2000,6.586602927999934,0.07942145300000902,16
1307,24,1000,2000,6.710168898999996,0.050101256999937505,32
1308,24,1000,2500,8.482105611999941,1.1889739519999694,1
1309,24,1000,2500,8.456441355000038,0.09874091599999701,16
1310,24,1000,2500,8.41674291400011,0.06531078199998319,32
1311,24,1000,3000,10.376687282000034,1.4376887019999458,1
1312,24,1000,3000,10.516055264000101,0.11838646399996833,16
1313,24,1000,3000,10.542085833999977,0.07753901199998836,32
1314,24,3000,500,1.652435770000011,0.2215756189999638,1
1315,24,3000,500,1.728030536999995,0.020721386999980496,16
1316,24,3000,500,1.7295376220000662,0.013325989999998455,32
1317,24,3000,1000,3.530424076000031,0.4879703660000132,1
1318,24,3000,1000,3.5344370349999963,0.040642164000018965,16
1319,24,3000,1000,3.4972989049999796,0.026201570000011998,32
1320,24,3000,1000,3.520502351999994,0.48991173700005675,1
1321,24,3000,1000,3.522194053999897,0.04671146500004397,16
1322,24,3000,1000,3.661047422000024,0.029593248000082895,32
1323,24,3000,2000,7.3249462149999545,0.9705503250000902,1
1324,24,3000,2000,7.405398896999941,0.08690285500006212,16
1325,24,3000,2000,7.49973347699995,0.05974759899993387,32
1326,24,3000,2500,9.27404380400003,1.096812970999963,1
1327,24,3000,2500,9.285027628999956,0.09877416199992695,16
1328,24,3000,2500,9.311168431999931,0.0636519040000394,32
1329,24,3000,3000,10.847082283999953,1.1090483980000272,1
1330,24,3000,3000,10.643996683999944,0.11125676500000736,16
1331,24,3000,3000,10.773194826999998,0.05798820899997281,32
1332,24,6000,500,1.890251123999974,0.24295830500000193,1
1333,24,6000,500,1.8915286909999622,0.022444194000058815,16
1334,24,6000,500,1.9000865140000087,0.016629194000074676,32
1335,24,6000,1000,3.7674230279999392,0.4851857999999538,1
1336,24,6000,1000,3.8070220829999926,0.04638704800004234,16
1337,24,6000,1000,3.795371513999953,0.03557731800003694,32
1338,24,6000,1000,3.8098257569999987,0.4962148669999351,1
1339,24,6000,1000,3.7911476969999285,0.04524263100006465,16
1340,24,6000,1000,3.8811534189999293,0.031174326999916957,32
1341,24,6000,2000,6.9519518979999475,0.6171801310000546,1
1342,24,6000,2000,6.39549459300008,0.06057456999997157,16
1343,24,6000,2000,6.105676083999924,0.03586056599999665,32
1344,24,6000,2500,6.940342516999976,0.7194043290000991,1
1345,24,6000,2500,6.895288063999942,0.06724480399998356,16
1346,24,6000,2500,6.850212820000024,0.043575067999995554,32
1347,24,6000,3000,7.6473223730000655,0.8053729549999389,1
1348,24,6000,3000,7.573029167999948,0.0751973999999791,16
1349,24,6000,3000,7.120442421999996,0.04837457300004644,32
1350,25,1000,500,1.6682000519999747,0.22237031299994214,1
1351,25,1000,500,1.6698271410000416,0.021978474999968967,16
1352,25,1000,500,1.6776517320000721,0.01384595599995464,32
1353,25,1000,1000,3.309806932000015,0.4429305440000917,1
1354,25,1000,1000,3.340763401000004,0.03796532899991689,16
1355,25,1000,1000,3.334012527999903,0.024022551000030035,32
1356,25,1000,1000,3.360258822999981,0.4550830880000376,1
1357,25,1000,1000,3.321174661999976,0.03778991199999382,16
1358,25,1000,1000,3.3448772550000285,0.022597392999955446,32
1359,25,1000,2000,6.704878638999958,0.9037867309999683,1
1360,25,1000,2000,6.71256637099998,0.07853179299991098,16
1361,25,1000,2000,6.763985655999932,0.04886768199992275,32
1362,25,1000,2500,8.377128342999981,1.1980744709999271,1
1363,25,1000,2500,8.46262345499997,0.10373688200002107,16
1364,25,1000,2500,8.538867729999993,0.0625276110000641,32
1365,25,1000,3000,10.252403769000011,1.4311907219999966,1
1366,25,1000,3000,10.446454439000036,0.12072968299992226,16
1367,25,1000,3000,10.449670740999977,0.07868469600009576,32
1368,25,3000,500,1.7098186199999645,0.22757476799995402,1
1369,25,3000,500,1.7278261400000474,0.020720756999935475,16
1370,25,3000,500,1.727816035999922,0.012565212000026804,32
1371,25,3000,1000,3.43480565699997,0.46586168800001815,1
1372,25,3000,1000,3.423726794000004,0.042775798999969084,16
1373,25,3000,1000,3.447761544000059,0.026353697000104148,32
1374,25,3000,1000,3.4712521160000733,0.47279941299996153,1
1375,25,3000,1000,3.4839561890000823,0.04026899899997716,16
1376,25,3000,1000,3.522058121999976,0.02806636200000412,32
1377,25,3000,2000,7.2681962159999784,0.9881324599999743,1
1378,25,3000,2000,7.386160185999984,0.08352005300002929,16
1379,25,3000,2000,7.458560134999971,0.052774699999986296,32
1380,25,3000,2500,9.326844926000035,1.0606746140000496,1
1381,25,3000,2500,9.275304633000019,0.10147012900006303,16
1382,25,3000,2500,9.327450881999994,0.06067608199998631,32
1383,25,3000,3000,10.710671891999937,1.1276599189999388,1
1384,25,3000,3000,10.693193025000028,0.07530635300008726,16
1385,25,3000,3000,10.78343633899999,0.06286403399997198,32
1386,25,6000,500,1.9177146609999909,0.253404058000001,1
1387,25,6000,500,1.9025349550000783,0.026634496000042418,16
1388,25,6000,500,1.9000635460000694,0.01813522599991302,32
1389,25,6000,1000,3.7883994950000215,0.5008471920000375,1
1390,25,6000,1000,3.8521234539999796,0.049359660999925836,16
1391,25,6000,1000,3.831019801000025,0.02923786500002734,32
1392,25,6000,1000,3.8571807860000717,0.5098351769998999,1
1393,25,6000,1000,3.838326414999983,0.04419414500000585,16
1394,25,6000,1000,3.88051847600002,0.029753400999993573,32
1395,25,6000,2000,6.787017548999984,0.686661823999998,1
1396,25,6000,2000,6.429861370999902,0.055228732999921704,16
1397,25,6000,2000,6.067624245000047,0.034888448000060635,32
1398,25,6000,2500,6.908130054000026,0.7046109560000104,1
1399,25,6000,2500,6.750809076999985,0.06653927100001056,16
1400,25,6000,2500,6.982599108999921,0.04421780600000602,32
1401,25,6000,3000,7.807503924999992,0.802038336999999,1
1402,25,6000,3000,7.409094580999977,0.07649983099997826,16
1403,25,6000,3000,7.155461335000041,0.04821959200000947,32
1404,26,1000,500,1.6741848679999976,0.21645325999998022,1
1405,26,1000,500,1.6200739939999949,0.01794310000002497,16
1406,26,1000,500,1.638721118000035,0.010956192999969971,32
1407,26,1000,1000,3.232690846999958,0.5571346839999478,1
1408,26,1000,1000,3.226385184000037,0.04631332199994631,16
1409,26,1000,1000,3.284307672999944,0.027928918000043268,32
1410,26,1000,1000,3.2540854669999817,0.5484522860000425,1
1411,26,1000,1000,3.2306273130000136,0.04516427200007911,16
1412,26,1000,1000,3.256258355,0.02534794600001078,32
1413,26,1000,2000,7.316612627999916,1.1161032730000215,1
1414,26,1000,2000,7.4088314370000035,0.08913446799999747,16
1415,26,1000,2000,7.421504938999988,0.05879545599998437,32
1416,26,1000,2500,9.38920366800005,1.4435044919999882,1
1417,26,1000,2500,9.496979058000079,0.11750772499999584,16
1418,26,1000,2500,9.367408452999939,0.07058838999989803,32
1419,26,1000,3000,11.577114011000049,1.7844546209998953,1
1420,26,1000,3000,12.233517433999964,0.14953732900005434,16
1421,26,1000,3000,12.360383204000073,0.10808838099990226,32
1422,26,3000,500,1.6880464160000201,0.3186825280000676,1
1423,26,3000,500,2.1382540310000877,0.02722165000000132,16
1424,26,3000,500,2.137731193000036,0.019857088999970074,32
1425,26,3000,1000,4.243743456000061,0.5839282849999563,1
1426,26,3000,1000,4.23854182499997,0.04595166900003278,16
1427,26,3000,1000,4.191549885000086,0.032522285000027296,32
1428,26,3000,1000,4.215561932000014,0.5731989380000186,1
1429,26,3000,1000,4.189695647000008,0.05090951399995447,16
1430,26,3000,1000,4.180316245999961,0.03729434100000617,32
1431,26,3000,2000,8.743528975999993,1.2990351250000458,1
1432,26,3000,2000,9.09636845600005,0.11968935699997019,16
1433,26,3000,2000,9.187072005000005,0.07022532500002399,32
1434,26,3000,2500,11.57544641100003,1.4044803159999901,1
1435,26,3000,2500,11.46071973700009,0.1316067479999674,16
1436,26,3000,2500,11.679434740000033,0.08780769400004829,32
1437,26,3000,3000,13.40750613900002,1.4472183830000631,1
1438,26,3000,3000,13.260129826000025,0.13972281099995598,16
1439,26,3000,3000,13.34474405200001,0.08684602200003155,32
1440,26,6000,500,2.305115150000006,0.3041168209999796,1
1441,26,6000,500,2.321323473999996,0.026926561999971454,16
1442,26,6000,500,2.322684114999902,0.025310066999963965,32
1443,26,6000,1000,4.7308513490000905,0.6224327429999903,1
1444,26,6000,1000,4.815475488000061,0.06902789100001883,16
1445,26,6000,1000,4.800726084999951,0.05070104999992964,32
1446,26,6000,1000,4.775450962000036,0.6554374170000301,1
1447,26,6000,1000,4.877998261000016,0.06901639400007298,16
1448,26,6000,1000,4.920825681999986,0.04284903400002804,32
1449,26,6000,2000,8.840559488000054,0.9275857850000193,1
1450,26,6000,2000,8.213998656000058,0.10252539999999044,16
1451,26,6000,2000,7.990504293000072,0.054434402999959275,32
1452,26,6000,2500,9.182589359999952,0.9187884640000448,1
1453,26,6000,2500,9.122212668999964,0.10165017099996021,16
1454,26,6000,2500,9.06283574500003,0.07121650399994905,32
1455,26,6000,3000,10.119739680999942,0.9968330850000484,1
1456,26,6000,3000,9.794435600999918,0.10019551999994292,16
1457,26,6000,3000,9.515529813999933,0.06790190399999574,32
1458,27,1000,500,2.15071022799998,0.2854860049999388,1
1459,27,1000,500,2.1770253329999605,0.022102359000086835,16
1460,27,1000,500,2.181102962000068,0.016724855000006755,32
1461,27,1000,1000,4.326176059999966,0.6150826739999502,1
1462,27,1000,1000,4.265027602000032,0.056100841999978,16
1463,27,1000,1000,4.373517379999953,0.03277671000000737,32
1464,27,1000,1000,4.28375684599996,0.5915270829999599,1
1465,27,1000,1000,4.307775171999992,0.051489189999983864,16
1466,27,1000,1000,4.344628730999943,0.034152884000036465,32
1467,27,1000,2000,8.644192720999968,1.2175795690000086,1
1468,27,1000,2000,8.921175281000046,0.10542614200005573,16
1469,27,1000,2000,8.731846111999971,0.06942187900006047,32
1470,27,1000,2500,11.010634023999955,1.5284720930000049,1
1471,27,1000,2500,10.951036603000034,0.12281546399992749,16
1472,27,1000,2500,10.984382773999982,0.09077898999998979,32
1473,27,1000,3000,13.190343774999974,1.9305347749999555,1
1474,27,1000,3000,13.553929057999994,0.16957687900003293,16
1475,27,1000,3000,13.381486701999961,0.10716621400001713,32
1476,27,3000,500,2.223200487999975,0.3055938850000075,1
1477,27,3000,500,2.2453301100000544,0.029348220999963814,16
1478,27,3000,500,2.262990760999969,0.019886738999957743,32
1479,27,3000,1000,4.516313391999915,0.6436610639999572,1
1480,27,3000,1000,4.549424316,0.057666607999976804,16
1481,27,3000,1000,4.5273082179999165,0.04331666699999914,32
1482,27,3000,1000,4.535587899999996,0.6337768529999721,1
1483,27,3000,1000,4.513170979000051,0.06374742799994237,16
1484,27,3000,1000,4.561881244999995,0.04047265000008338,32
1485,27,3000,2000,9.400683096999956,1.3154671040000494,1
1486,27,3000,2000,9.711658385999954,0.12637288700000227,16
1487,27,3000,2000,9.748969846999898,0.08006377399999565,32
1488,27,3000,2500,12.359592962000079,1.5031570830000192,1
1489,27,3000,2500,12.246151892000057,0.14297558300006585,16
1490,27,3000,2500,12.303644472999963,0.08659609300002558,32
1491,27,3000,3000,14.296248428000013,1.5679998860000524,1
1492,27,3000,3000,14.278126740000062,0.1507285929999398,16
1493,27,3000,3000,14.374693943000011,0.09550564400001349,32
1494,27,6000,500,2.408373701000073,0.3255383849999589,1
1495,27,6000,500,2.406796876000044,0.03558275300008518,16
1496,27,6000,500,2.395707436000066,0.023551670999950147,32
1497,27,6000,1000,5.029293179999968,0.6916061970000555,1
1498,27,6000,1000,5.181750790999899,0.06932801499999641,16
1499,27,6000,1000,5.054093520000038,0.04645463600002131,32
1500,27,6000,1000,5.06925805000003,0.6482128699999521,1
1501,27,6000,1000,5.209291306999944,0.06784866799989686,16
1502,27,6000,1000,5.2093569500000285,0.04798578999998426,32
1503,27,6000,2000,9.548488764000012,1.0222991929999807,1
1504,27,6000,2000,8.981671928999958,0.0977905089999922,16
1505,27,6000,2000,8.673893436999947,0.05779099400001542,32
1506,27,6000,2500,9.912172182999939,0.9654018730000189,1
1507,27,6000,2500,9.67087185899993,0.10858983000002809,16
1508,27,6000,2500,9.715226039999948,0.06825704799996402,32
1509,27,6000,3000,11.073179901999993,1.0837841029999709,1
1510,27,6000,3000,10.675523678000104,0.10935916200003248,16
1511,27,6000,3000,10.205970102000038,0.07382606099997702,32
1512,28,1000,500,2.307842916000027,0.3103249829999868,1
1513,28,1000,500,2.341504740000005,0.027936972000020432,16
1514,28,1000,500,2.311873384000023,0.016740797000011298,32
1515,28,1000,1000,4.650649258000044,0.6149676500000396,1
1516,28,1000,1000,4.583523358999969,0.05085029899998972,16
1517,28,1000,1000,4.633557355999983,0.03249900299999808,32
1518,28,1000,1000,4.603063190000057,0.633515344999978,1
1519,28,1000,1000,4.643480645999944,0.05326645800005281,16
1520,28,1000,1000,4.6115715029999365,0.040513289000045916,32
1521,28,1000,2000,9.422982234000074,1.2975644819999843,1
1522,28,1000,2000,9.300007208000011,0.10845731599999908,16
1523,28,1000,2000,9.303212809000001,0.07135794700002407,32
1524,28,1000,2500,11.815493302999926,1.6067112649999444,1
1525,28,1000,2500,11.734278064000023,0.1362195099999326,16
1526,28,1000,2500,11.666899201999968,0.08574548199999299,32
1527,28,1000,3000,14.28614255499997,1.933265395000035,1
1528,28,1000,3000,14.203064493000056,0.1600688400000081,16
1529,28,1000,3000,14.14815785099995,0.10205663399995046,32
1530,28,3000,500,2.3558096460000115,0.32650468099996033,1
1531,28,3000,500,2.403613872000051,0.027331102000061946,16
1532,28,3000,500,2.402168273999905,0.02057126900001549,32
1533,28,3000,1000,4.908731230999933,0.6792749109999932,1
1534,28,3000,1000,4.846277537999981,0.0627139470000202,16
1535,28,3000,1000,4.8207288399999015,0.041298019000009845,32
1536,28,3000,1000,4.890660131000004,0.6401565410000103,1
1537,28,3000,1000,4.769414150999978,0.05836593300000459,16
1538,28,3000,1000,4.824331284999971,0.03537084899994625,32
1539,28,3000,2000,9.668577620000065,1.2961565800000017,1
1540,28,3000,2000,9.701729083999908,0.1226631740000812,16
1541,28,3000,2000,9.74754499300002,0.07827470899997024,32
1542,28,3000,2500,12.248962938999966,1.4596530120001034,1
1543,28,3000,2500,12.173084740000036,0.1439481339999702,16
1544,28,3000,2500,12.182341470999972,0.09301978099995267,32
1545,28,3000,3000,14.30708998199998,1.5276217069999802,1
1546,28,3000,3000,14.223305204000098,0.14899934300001405,16
1547,28,3000,3000,14.182541467000078,0.09509415699994861,32
1548,28,6000,500,2.4817218149999007,0.3401057519999995,1
1549,28,6000,500,2.490994796999985,0.03408307800009425,16
1550,28,6000,500,2.469332417999908,0.02143099499994605,32
1551,28,6000,1000,5.05173008700001,0.662811548000036,1
1552,28,6000,1000,5.0205631239999775,0.06466278299990336,16
1553,28,6000,1000,5.042842428000085,0.04298003399992467,32
1554,28,6000,1000,5.012382728000034,0.6885974409999562,1
1555,28,6000,1000,5.116653916999894,0.06414568700006384,16
1556,28,6000,1000,5.14705320500002,0.04931216200009203,32
1557,28,6000,2000,9.239409267000042,0.9789041760000146,1
1558,28,6000,2000,8.65915674300004,0.091237279999973,16
1559,28,6000,2000,8.30309661399997,0.054092955999976766,32
1560,28,6000,2500,9.54213775800008,0.9267213690000062,1
1561,28,6000,2500,9.474189582000008,0.09580752800002301,16
1562,28,6000,2500,9.46298239400005,0.06441227400000571,32
1563,28,6000,3000,10.614083079000011,1.0261568449999459,1
1564,28,6000,3000,10.186470472999986,0.09623542899998938,16
1565,28,6000,3000,9.595010473999992,0.06537204200003544,32
1566,29,1000,500,2.289492778000067,0.3135837510000101,1
1567,29,1000,500,2.2944910050000544,0.02372752600001604,16
1568,29,1000,500,2.2865382599999293,0.019164628999988054,32
1569,29,1000,1000,4.5659064290000515,0.6121964919999527,1
1570,29,1000,1000,4.563603408999938,0.04990650899992488,16
1571,29,1000,1000,4.588742521999961,0.032503977000033046,32
1572,29,1000,1000,4.566071969999939,0.6191931140000406,1
1573,29,1000,1000,4.583579990999965,0.05002217399999154,16
1574,29,1000,1000,4.5267236509999975,0.04046761600000082,32
1575,29,1000,2000,9.166604311000015,1.2495059179999544,1
1576,29,1000,2000,9.058325943,0.1069128599999658,16
1577,29,1000,2000,9.12295175700001,0.0659070399999564,32
1578,29,1000,2500,11.359086973999979,1.557854587999941,1
1579,29,1000,2500,11.364086172999919,0.13330434199997399,16
1580,29,1000,2500,11.523189739000031,0.0814081170000236,32
1581,29,1000,3000,13.606766899000036,1.9272869979999996,1
1582,29,1000,3000,13.741740448000087,0.1621717069999704,16
1583,29,1000,3000,13.81104812700005,0.10575578100008443,32
1584,29,3000,500,2.348172082000019,0.3095873339999571,1
1585,29,3000,500,2.3780631920000133,0.0316332649999822,16
1586,29,3000,500,2.3580326000000014,0.017917356999987533,32
1587,29,3000,1000,4.663806878999935,0.6157739349999929,1
1588,29,3000,1000,4.672944099999995,0.06301275800001349,16
1589,29,3000,1000,4.706114737000007,0.03921685099999195,32
1590,29,3000,1000,4.713698738000062,0.6335171539999465,1
1591,29,3000,1000,4.685713207000049,0.06148504700001922,16
1592,29,3000,1000,4.685840112000051,0.03939594799999213,32
1593,29,3000,2000,9.591068683000003,1.313085784000009,1
1594,29,3000,2000,9.674365353999974,0.12922205800009579,16
1595,29,3000,2000,9.748656193999977,0.0830278889999363,32
1596,29,3000,2500,12.311597414000062,1.5586815230000184,1
1597,29,3000,2500,12.487487028000032,0.14049735700007204,16
1598,29,3000,2500,12.33009327800005,0.09546430299997155,32
1599,29,3000,3000,14.364604849999978,1.6589564369999152,1
1600,29,3000,3000,14.412996412000098,0.1618978319999087,16
1601,29,3000,3000,14.446999516999995,0.09519183300005807,32
1602,29,6000,500,2.4684909279999374,0.3385271150000335,1
1603,29,6000,500,2.4492064009999694,0.03449707699996907,16
1604,29,6000,500,2.4744389989999718,0.026898660999904678,32
1605,29,6000,1000,5.007519525000021,0.6505270429998973,1
1606,29,6000,1000,5.115947720999998,0.0643870239999842,16
1607,29,6000,1000,5.090469660000053,0.045198187999972106,32
1608,29,6000,1000,5.134294738999984,0.7105443000000378,1
1609,29,6000,1000,5.139164944000072,0.06411990300000525,16
1610,29,6000,1000,5.228501483999935,0.04482200000006742,32
1611,29,6000,2000,9.523212539000042,1.0144056259999843,1
1612,29,6000,2000,9.06618095500005,0.10081595799999832,16
1613,29,6000,2000,8.731988293999962,0.06050141499997608,32
1614,29,6000,2500,9.898979004000012,1.0108970020000925,1
1615,29,6000,2500,9.99695951600006,0.09892727900000864,16
1616,29,6000,2500,9.867249988999902,0.08255590900000698,32
1617,29,6000,3000,11.072447205999993,1.055654355999991,1
1618,29,6000,3000,10.585576771999968,0.11275532000001931,16
1619,29,6000,3000,10.345851773999925,0.06821682300005705,32
